"id","opis","naziv","ekstenzija","url","binarni","dozvoljen"
1,"3D Crossword Plugin","application/vnd.hzn-3d-crossword",".x3d","http://www.iana.org/assignments/media-types/application/vnd.hzn-3d-crossword","t","f"
2,"3GP","video/3gpp",".3gp","http://en.wikipedia.org/wiki/3GP_and_3G2","t","f"
3,"3GP2","video/3gpp2",".3g2","http://en.wikipedia.org/wiki/3GP_and_3G2","t","f"
4,"3GPP MSEQ File","application/vnd.mseq",".mseq","http://www.iana.org/assignments/media-types/application/vnd.mseq","t","f"
5,"3M Post It Notes","application/vnd.3m.post-it-notes",".pwn","http://www.iana.org/assignments/media-types/application/vnd.3M.Post-it-Notes","t","f"
6,"3rd Generation Partnership Project - Pic Large","application/vnd.3gpp.pic-bw-large",".plb","http://www.3gpp.org/specifications","t","f"
7,"3rd Generation Partnership Project - Pic Small","application/vnd.3gpp.pic-bw-small",".psb","http://www.3gpp.org/specifications","t","f"
8,"3rd Generation Partnership Project - Pic Var","application/vnd.3gpp.pic-bw-var",".pvb","http://www.3gpp.org/specifications","t","f"
9,"3rd Generation Partnership Project - Transaction Capabilities Application Part","application/vnd.3gpp2.tcap",".tcap","http://www.3gpp.org/specifications","t","f"
10,"7-Zip","application/x-7z-compressed",".7z","http://en.wikipedia.org/wiki/7-Zip","t","f"
11,"AbiWord","application/x-abiword",".abw","http://en.wikipedia.org/wiki/AbiWord","t","f"
12,"Ace Archive","application/x-ace-compressed",".ace","http://en.wikipedia.org/wiki/ACE_%28file_format%29","t","f"
13,"Active Content Compression","application/vnd.americandynamics.acc",".acc","http://www.iana.org/assignments/media-types/application/vnd.americandynamics.acc","t","f"
14,"ACU Cobol","application/vnd.acucobol",".acu","http://www.iana.org/assignments/media-types/application/vnd-acucobol","t","f"
15,"ACU Cobol","application/vnd.acucorp",".atc","http://www.iana.org/assignments/media-types/application/vnd-acucobol","t","f"
16,"Adaptive differential pulse-code modulation","audio/adpcm",".adp","http://en.wikipedia.org/wiki/ADPCM","t","f"
17,"Adobe (Macropedia) Authorware - Binary File","application/x-authorware-bin",".aab","http://en.wikipedia.org/wiki/Macromedia_Authorware","t","f"
18,"Adobe (Macropedia) Authorware - Map","application/x-authorware-map",".aam","http://en.wikipedia.org/wiki/Macromedia_Authorware","t","f"
19,"Adobe (Macropedia) Authorware - Segment File","application/x-authorware-seg",".aas","http://en.wikipedia.org/wiki/Macromedia_Authorware","t","f"
20,"Adobe AIR Application","application/vnd.adobe.air-application-installer-package+zip",".air","http://help.adobe.com/en_US/air/build/air_buildingapps.pdf","t","f"
21,"Adobe Flash","application/x-shockwave-flash",".swf","http://en.wikipedia.org/wiki/Swf","t","f"
22,"Adobe Flex Project","application/vnd.adobe.fxp",".fxp","http://www.iana.org/assignments/media-types/application/vnd.adobe.fxp","t","f"
23,"Adobe Portable Document Format","application/pdf",".pdf","http://www.adobe.com/products/acrobat/adobepdf.html","t","f"
24,"Adobe PostScript Printer Description File Format","application/vnd.cups-ppd",".ppd","http://www.iana.org/assignments/media-types/application/vnd.cups-ppd","t","f"
25,"Adobe Shockwave Player","application/x-director",".dir","http://en.wikipedia.org/wiki/Adobe_Shockwave_Player","t","f"
26,"Adobe XML Data Package","application/vnd.adobe.xdp+xml",".xdp","http://en.wikipedia.org/wiki/XML_Data_Package","t","f"
27,"Adobe XML Forms Data Format","application/vnd.adobe.xfdf",".xfdf","http://en.wikipedia.org/wiki/XFDF#Interactive_elements","t","f"
28,"Advanced Audio Coding (AAC)","audio/x-aac",".aac","http://en.wikipedia.org/wiki/Advanced_Audio_Coding","t","f"
29,"Ahead AIR Application","application/vnd.ahead.space",".ahead","http://www.iana.org/assignments/media-types/application/vnd.ahead.space","t","f"
30,"AirZip FileSECURE","application/vnd.airzip.filesecure.azf",".azf","http://www.iana.org/assignments/media-types/application/vnd.airzip.filesecure.azf","t","f"
31,"AirZip FileSECURE","application/vnd.airzip.filesecure.azs",".azs","http://www.iana.org/assignments/media-types/application/vnd.airzip.filesecure.azs","t","f"
32,"Amazon Kindle eBook format","application/vnd.amazon.ebook",".azw","https://kdp.amazon.com/self-publishing/help?topicId=A328FYMFAE7VNY","t","f"
33,"AmigaDE","application/vnd.amiga.ami",".ami","http://www.iana.org/assignments/media-types/application/vnd.amiga.ami","t","f"
34,"Andrew Toolkit","application/andrew-inset","N/A","http://www.iana.org/assignments/media-types/application/andrew-inset","t","f"
35,"Android Package Archive","application/vnd.android.package-archive",".apk","http://en.wikipedia.org/wiki/APK_%28file_format%29","t","f"
36,"ANSER-WEB Terminal Client - Certificate Issue","application/vnd.anser-web-certificate-issue-initiation",".cii","http://www.iana.org/assignments/media-types/application/vnd.anser-web-certificate-issue-initiation","t","f"
37,"ANSER-WEB Terminal Client - Web Funds Transfer","application/vnd.anser-web-funds-transfer-initiation",".fti","http://www.iana.org/assignments/media-types/application/vnd.anser-web-funds-transfer-initiation","t","f"
38,"Antix Game Player","application/vnd.antix.game-component",".atx","http://www.iana.org/assignments/media-types/application/vnd.antix.game-component","t","f"
39,"Apple Installer Package","application/vnd.apple.installer+xml",".mpkg","http://www.iana.org/assignments/media-types/application/vnd.apple.installer+xml","t","f"
40,"Applixware","application/applixware",".aw","http://www.vistasource.com/en/apl.php","t","f"
41,"Archipelago Lesson Player","application/vnd.hhe.lesson-player",".les","http://www.iana.org/assignments/media-types/application/vnd.hhe.lesson-player","t","f"
42,"Arista Networks Software Image","application/vnd.aristanetworks.swi",".swi","http://www.iana.org/assignments/media-types/application/vnd.aristanetworks.swi","t","f"
43,"Assembler Source File","text/x-asm",".s","http://en.wikipedia.org/wiki/Assembly_language","f","f"
44,"Atom Publishing Protocol","application/atomcat+xml",".atomcat","http://www.rfc-editor.org/rfc/rfc5023.txt","t","f"
45,"Atom Publishing Protocol Service Document","application/atomsvc+xml",".atomsvc","http://www.rfc-editor.org/rfc/rfc5023.txt","t","f"
46,"Atom Syndication Format","application/atom+xml",".atom","http://tools.ietf.org/html/rfc4287","t","f"
47,"Attribute Certificate","application/pkix-attr-cert",".ac","http://tools.ietf.org/html/rfc5877","t","f"
48,"Audio Interchange File Format","audio/x-aiff",".aif","http://en.wikipedia.org/wiki/Audio_Interchange_File_Format","t","f"
49,"Audio Video Interleave (AVI)","video/x-msvideo",".avi","http://en.wikipedia.org/wiki/Audio_Video_Interleave","t","f"
50,"Audiograph","application/vnd.audiograph",".aep","http://www.iana.org/assignments/media-types/application/vnd.audiograph","t","f"
51,"AutoCAD DXF","image/vnd.dxf",".dxf","http://en.wikipedia.org/wiki/Dxf","t","f"
52,"Autodesk Design Web Format (DWF)","model/vnd.dwf",".dwf","http://en.wikipedia.org/wiki/Design_Web_Format","t","f"
53,"BAS Partitur Format","text/plain-bas",".par","http://www.bas.uni-muenchen.de/Bas/BasFormatseng.html#Partitur","f","f"
54,"Binary CPIO Archive","application/x-bcpio",".bcpio","http://en.wikipedia.org/wiki/Cpio","t","f"
55,"Binary Data","application/octet-stream",".bin","http://www.freeformatter.com/mime-types-list.html","t","f"
56,"Bitmap Image File","image/bmp",".bmp","http://en.wikipedia.org/wiki/BMP_file_format","t","f"
57,"BitTorrent","application/x-bittorrent",".torrent","http://en.wikipedia.org/wiki/BitTorrent_%28protocol%29","t","f"
58,"Blackberry COD File","application/vnd.rim.cod",".cod","http://www.freeformatter.com/mime-types-list.html","t","f"
59,"Blueice Research Multipass","application/vnd.blueice.multipass",".mpm","http://www.cisionwire.com/blueice-research/r/the-multipass-gives-pda-users-better-security,e37928","t","f"
60,"BMI Drawing Data Interchange","application/vnd.bmi",".bmi","http://www.iana.org/assignments/media-types/application/vnd.bmi","t","f"
61,"Bourne Shell Script","application/x-sh",".sh","http://en.wikipedia.org/wiki/Bourne_shell","t","f"
62,"BTIF","image/prs.btif",".btif","http://www.iana.org/assignments/media-types/image/prs.btif","t","f"
63,"BusinessObjects","application/vnd.businessobjects",".rep","http://www.iana.org/assignments/media-types/application/vnd.businessobjects","t","f"
64,"Bzip Archive","application/x-bzip",".bz","http://en.wikipedia.org/wiki/Bzip","t","f"
65,"Bzip2 Archive","application/x-bzip2",".bz2","http://en.wikipedia.org/wiki/Bzip","t","f"
66,"C Shell Script","application/x-csh",".csh","http://en.wikipedia.org/wiki/C_shell","t","f"
67,"C Source File","text/x-c",".c","http://en.wikipedia.org/wiki/C_%28programming_language%29","f","f"
68,"CambridgeSoft Chem Draw","application/vnd.chemdraw+xml",".cdxml","http://www.iana.org/assignments/media-types/application/vnd.chemdraw+xml","t","f"
69,"Cascading Style Sheets (CSS)","text/css",".css","http://en.wikipedia.org/wiki/Css","f","f"
70,"ChemDraw eXchange file","chemical/x-cdx",".cdx","http://www.cambridgesoft.com/services/documentation/sdk/chemdraw/cdx/","t","f"
71,"Chemical Markup Language","chemical/x-cml",".cml","http://en.wikipedia.org/wiki/Chemical_Markup_Language","t","f"
72,"Chemical Style Markup Language","chemical/x-csml",".csml","http://en.wikipedia.org/wiki/Chemical_file_format","t","f"
73,"CIM Database","application/vnd.contact.cmsg",".cdbcmsg","http://www.iana.org/assignments/media-types/application/vnd.contact.cmsg","t","f"
74,"Claymore Data Files","application/vnd.claymore",".cla","http://www.iana.org/assignments/media-types/application/vnd.claymore","t","f"
75,"Clonk Game","application/vnd.clonk.c4group",".c4g","http://www.iana.org/assignments/media-types/application/vnd.clonk.c4group","t","f"
76,"Close Captioning - Subtitle","image/vnd.dvb.subtitle",".sub","http://en.wikipedia.org/wiki/Closed_captioning","t","f"
77,"Cloud Data Management Interface (CDMI) - Capability","application/cdmi-capability",".cdmia","http://www.rfc-editor.org/info/rfc6208","t","f"
78,"Cloud Data Management Interface (CDMI) - Contaimer","application/cdmi-container",".cdmic","http://www.rfc-editor.org/info/rfc6209","t","f"
79,"Cloud Data Management Interface (CDMI) - Domain","application/cdmi-domain",".cdmid","http://www.rfc-editor.org/info/rfc6210","t","f"
80,"Cloud Data Management Interface (CDMI) - Object","application/cdmi-object",".cdmio","http://www.rfc-editor.org/info/rfc6211","t","f"
81,"Cloud Data Management Interface (CDMI) - Queue","application/cdmi-queue",".cdmiq","http://www.rfc-editor.org/info/rfc6212","t","f"
82,"ClueTrust CartoMobile - Config","application/vnd.cluetrust.cartomobile-config",".c11amc","http://www.iana.org/assignments/media-types/application/vnd.cluetrust.cartomobile-config","t","f"
83,"ClueTrust CartoMobile - Config Package","application/vnd.cluetrust.cartomobile-config-pkg",".c11amz","http://www.iana.org/assignments/media-types/application/vnd.cluetrust.cartomobile-config","t","f"
84,"CMU Image","image/x-cmu-raster",".ras","http://www.freeformatter.com/mime-types-list.html","t","f"
85,"COLLADA","model/vnd.collada+xml",".dae","http://www.iana.net/assignments/media-types/model/vnd.collada+xml","t","f"
86,"Comma-Seperated Values","text/csv",".csv","http://en.wikipedia.org/wiki/Comma-separated_values","f","f"
87,"Compact Pro","application/mac-compactpro",".cpt","http://www.cyclos.com/compactpro.htm","t","f"
88,"Compiled Wireless Markup Language (WMLC)","application/vnd.wap.wmlc",".wmlc","http://www.iana.org/assignments/media-types/application/vnd-wap-wmlc","t","f"
89,"Computer Graphics Metafile","image/cgm",".cgm","http://en.wikipedia.org/wiki/Computer_Graphics_Metafile","t","f"
90,"CoolTalk","x-conference/x-cooltalk",".ice","http://en.wikipedia.org/wiki/CoolTalk","t","f"
91,"Corel Metafile Exchange (CMX)","image/x-cmx",".cmx","http://en.wikipedia.org/wiki/CorelDRAW","t","f"
92,"CorelXARA","application/vnd.xara",".xar","http://www.iana.org/assignments/media-types/application/vnd.xara","t","f"
93,"CosmoCaller","application/vnd.cosmocaller",".cmc","http://www.iana.org/assignments/media-types/application/vnd.cosmocaller","t","f"
94,"CPIO Archive","application/x-cpio",".cpio","http://en.wikipedia.org/wiki/Cpio","t","f"
95,"CrickSoftware - Clicker","application/vnd.crick.clicker",".clkx","http://www.iana.org/assignments/media-types/application/vnd.crick.clicker","t","f"
96,"CrickSoftware - Clicker - Keyboard","application/vnd.crick.clicker.keyboard",".clkk","http://www.iana.org/assignments/media-types/application/vnd.crick.clicker","t","f"
97,"CrickSoftware - Clicker - Palette","application/vnd.crick.clicker.palette",".clkp","http://www.iana.org/assignments/media-types/application/vnd.crick.clicker","t","f"
98,"CrickSoftware - Clicker - Template","application/vnd.crick.clicker.template",".clkt","http://www.iana.org/assignments/media-types/application/vnd.crick.clicker","t","f"
99,"CrickSoftware - Clicker - Wordbank","application/vnd.crick.clicker.wordbank",".clkw","http://www.iana.org/assignments/media-types/application/vnd.crick.clicker","t","f"
100,"Critical Tools - PERT Chart EXPERT","application/vnd.criticaltools.wbs+xml",".wbs","http://www.iana.org/assignments/media-types/application/vnd.criticaltools.wbs+xml","t","f"
101,"CryptoNote","application/vnd.rig.cryptonote",".cryptonote","http://www.iana.org/assignments/media-types/application/vnd.rig.cryptonote","t","f"
102,"Crystallographic Interchange Format","chemical/x-cif",".cif","http://www.iucr.org/resources/cif","t","f"
103,"CrystalMaker Data Format","chemical/x-cmdf",".cmdf","http://www.crystalmaker.com/crystalmaker/whatis.html","t","f"
104,"CU-SeeMe","application/cu-seeme",".cu","http://www.wpine.com/","t","f"
105,"CU-Writer","application/prs.cww",".cww","http://www.freeformatter.com/mime-types-list.html","t","f"
106,"Curl - Applet","text/vnd.curl",".curl","http://developers.curlap.com/curl/docs/caede/en/docs/en/dguide/serving-curl-applets.html","f","f"
107,"Curl - Detached Applet","text/vnd.curl.dcurl",".dcurl","http://developers.curlap.com/curl/docs/caede/en/docs/en/dguide/serving-curl-applets.html","f","f"
108,"Curl - Manifest File","text/vnd.curl.mcurl",".mcurl","http://developers.curlap.com/curl/docs/caede/en/docs/en/dguide/serving-curl-applets.html","f","f"
109,"Curl - Source Code","text/vnd.curl.scurl",".scurl","http://developers.curlap.com/curl/docs/caede/en/docs/en/dguide/serving-curl-applets.html","f","f"
110,"CURL Applet","application/vnd.curl.car",".car","http://www.iana.org/assignments/media-types/application/vnd.curl.car","t","f"
111,"CURL Applet","application/vnd.curl.pcurl",".pcurl","http://www.iana.org/assignments/media-types/application/vnd.curl.pcurl","t","f"
112,"CustomMenu","application/vnd.yellowriver-custom-menu",".cmp","http://www.iana.org/assignments/media-types/application/vnd.yellowriver-custom-menu","t","f"
113,"Data Structure for the Security Suitability of Cryptographic Algorithms","application/dssc+der",".dssc","http://www.rfc-editor.org/rfc/rfc5698.txt","t","f"
114,"Data Structure for the Security Suitability of Cryptographic Algorithms","application/dssc+xml",".xdssc","http://www.rfc-editor.org/rfc/rfc5698.txt","t","f"
115,"Debian Package","application/x-debian-package",".deb","http://en.wikipedia.org/wiki/Debian_package","t","f"
116,"DECE Audio","audio/vnd.dece.audio",".uva","http://www.iana.org/assignments/media-types/audio/vnd.dece.audio","t","f"
117,"DECE Graphic","image/vnd.dece.graphic",".uvi","http://www.iana.org/assignments/media-types/image/vnd.dece.graphic","t","f"
118,"DECE High Definition Video","video/vnd.dece.hd",".uvh","http://www.iana.org/assignments/media-types/video/vnd.dece.hd","t","f"
119,"DECE Mobile Video","video/vnd.dece.mobile",".uvm","http://www.iana.org/assignments/media-types/video/vnd.dece.mobile","t","f"
120,"DECE MP4","video/vnd.uvvu.mp4",".uvu","http://www.iana.org/assignments/media-types/video/vnd.uvvu-mp4","t","f"
121,"DECE PD Video","video/vnd.dece.pd",".uvp","http://www.iana.org/assignments/media-types/video/vnd.dece.pd","t","f"
122,"DECE SD Video","video/vnd.dece.sd",".uvs","http://www.iana.org/assignments/media-types/video/vnd.dece.sd","t","f"
123,"DECE Video","video/vnd.dece.video",".uvv","http://www.iana.org/assignments/media-types/video/vnd.dece.video","t","f"
124,"Device Independent File Format (DVI)","application/x-dvi",".dvi","http://en.wikipedia.org/wiki/Device_independent_file_format","t","f"
125,"Digital Siesmograph Networks - SEED Datafiles","application/vnd.fdsn.seed",".seed","http://www.iana.org/assignments/media-types/application/vnd.fdsn.seed","t","f"
126,"Digital Talking Book","application/x-dtbook+xml",".dtb","http://en.wikipedia.org/wiki/EPUB","t","f"
127,"Digital Talking Book - Resource File","application/x-dtbresource+xml",".res","http://www.daisy.org/z3986/2005/Z3986-2005.html","t","f"
128,"Digital Video Broadcasting","application/vnd.dvb.ait",".ait","http://www.iana.org/assignments/media-types/application/vnd.dvb.ait","t","f"
129,"Digital Video Broadcasting","application/vnd.dvb.service",".svc","http://www.iana.org/assignments/media-types/application/vnd.dvb.svc","t","f"
130,"Digital Winds Music","audio/vnd.digital-winds",".eol","http://www.iana.org/assignments/media-types/audio/vnd.digital-winds","t","f"
131,"DjVu","image/vnd.djvu",".djvu","http://en.wikipedia.org/wiki/DjVu","t","f"
132,"Document Type Definition","application/xml-dtd",".dtd","http://www.w3.org/TR/html4/sgml/dtd.html","t","f"
133,"Dolby Meridian Lossless Packing","application/vnd.dolby.mlp",".mlp","http://www.iana.org/assignments/media-types/application/vnd.dolby.mlp","t","f"
134,"Doom Video Game","application/x-doom",".wad","http://en.wikipedia.org/wiki/Doom_wad","t","f"
135,"DPGraph","application/vnd.dpgraph",".dpg","http://www.iana.org/assignments/media-types/application/vnd.dpgraph","t","f"
136,"DRA Audio","audio/vnd.dra",".dra","http://www.iana.org/assignments/media-types/audio/vnd.dra","t","f"
137,"DreamFactory","application/vnd.dreamfactory",".dfac","http://www.iana.org/assignments/media-types/application/vnd.dreamfactory","t","f"
138,"DTS Audio","audio/vnd.dts",".dts","http://www.iana.org/assignments/media-types/audio/vnd.dts","t","f"
139,"DTS High Definition Audio","audio/vnd.dts.hd",".dtshd","http://www.iana.org/assignments/media-types/audio/vnd.dts.hd","t","f"
140,"DWG Drawing","image/vnd.dwg",".dwg","http://en.wikipedia.org/wiki/Dwg","t","f"
141,"DynaGeo","application/vnd.dynageo",".geo","http://www.iana.org/assignments/media-types/application/vnd.dynageo","t","f"
142,"ECMAScript","application/ecmascript",".es","http://www.ecma-international.org/publications/standards/Ecma-357.htm","t","f"
143,"EcoWin Chart","application/vnd.ecowin.chart",".mag","http://www.iana.org/assignments/media-types/application/vnd.ecowin.chart","t","f"
144,"EDMICS 2000","image/vnd.fujixerox.edmics-mmr",".mmr","http://www.ietf.org/assignments/media-types/image/vnd.fujixerox.edmics-mmr","t","f"
145,"EDMICS 2000","image/vnd.fujixerox.edmics-rlc",".rlc","http://www.ietf.org/assignments/media-types/image/vnd.fujixerox.edmics-rlc","t","f"
146,"Efficient XML Interchange","application/exi",".exi","http://www.w3.org/TR/exi-best-practices/","t","f"
147,"EFI Proteus","application/vnd.proteus.magazine",".mgz","http://www.iana.org/assignments/media-types/application/vnd.proteus.magazine","t","f"
148,"Electronic Publication","application/epub+zip",".epub","http://en.wikipedia.org/wiki/EPUB","t","f"
149,"Email Message","message/rfc822",".eml","http://www.rfc-editor.org/info/rfc2822","t","f"
150,"Enliven Viewer","application/vnd.enliven",".nml","http://www.iana.org/assignments/media-types/application/vnd.enliven","t","f"
151,"Express by Infoseek","application/vnd.is-xpr",".xpr","http://www.iana.org/assignments/media-types/application/vnd.is-xpr","t","f"
152,"eXtended Image File Format (XIFF)","image/vnd.xiff",".xif","http://www.iana.org/assignments/media-types/image/vnd.xiff","t","f"
153,"Extensible Forms Description Language","application/vnd.xfdl",".xfdl","http://www.iana.org/assignments/media-types/application/vnd.xfdl","t","f"
154,"Extensible MultiModal Annotation","application/emma+xml",".emma","http://www.w3.org/TR/2007/CR-emma-20071211/","t","f"
155,"EZPix Secure Photo Album","application/vnd.ezpix-album",".ez2","http://www.iana.org/assignments/media-types/application/vnd.ezpix-album","t","f"
156,"EZPix Secure Photo Album","application/vnd.ezpix-package",".ez3","http://www.iana.org/assignments/media-types/application/vnd.ezpix-package","t","f"
157,"FAST Search & Transfer ASA","image/vnd.fst",".fst","http://www.ietf.org/assignments/media-types/image/vnd.fst","t","f"
158,"FAST Search & Transfer ASA","video/vnd.fvt",".fvt","http://www.iana.org/assignments/media-types/video/vnd.fvt","t","f"
159,"FastBid Sheet","image/vnd.fastbidsheet",".fbs","http://www.ietf.org/assignments/media-types/image/vnd.fastbidsheet","t","f"
160,"FCS Express Layout Link","application/vnd.denovo.fcselayout-link",".fe_launch","http://www.iana.org/assignments/media-types/application/vnd.denovo.fcselayout-link","t","f"
161,"Flash Video","video/x-f4v",".f4v","http://en.wikipedia.org/wiki/Flash_Video","t","f"
162,"Flash Video","video/x-flv",".flv","http://en.wikipedia.org/wiki/Flash_Video","t","f"
163,"FlashPix","image/vnd.fpx",".fpx","http://www.ietf.org/assignments/media-types/image/vnd.fpx","t","f"
164,"FlashPix","image/vnd.net-fpx",".npx","http://www.ietf.org/assignments/media-types/image/vnd.net-fpx","t","f"
165,"FLEXSTOR","text/vnd.fmi.flexstor",".flx","http://www.iana.org/assignments/media-types/text/vnd.fmi.flexstor","f","f"
166,"FLI/FLC Animation Format","video/x-fli",".fli","http://www.aos.wisc.edu/fli.html","t","f"
167,"FluxTime Clip","application/vnd.fluxtime.clip",".ftc","http://www.iana.org/assignments/media-types/application/vnd.fluxtime.clip","t","f"
168,"Forms Data Format","application/vnd.fdf",".fdf","http://www.iana.org/assignments/media-types/application/vnd-fdf","t","f"
169,"Fortran Source File","text/x-fortran",".f","http://en.wikipedia.org/wiki/Fortran","f","f"
170,"FrameMaker Interchange Format","application/vnd.mif",".mif","http://www.iana.org/assignments/media-types/application/vnd-mif","t","f"
171,"FrameMaker Normal Format","application/vnd.framemaker",".fm","http://www.iana.org/assignments/media-types/application/vnd.framemaker","t","f"
172,"FreeHand MX","image/x-freehand",".fh","http://en.wikipedia.org/wiki/Macromedia_FreeHand","t","f"
173,"Friendly Software Corporation","application/vnd.fsc.weblaunch",".fsc","http://www.iana.org/assignments/media-types/application/vnd.fsc.weblaunch","t","f"
174,"Frogans Player","application/vnd.frogans.fnc",".fnc","http://www.iana.org/assignments/media-types/application/vnd.frogans.fnc","t","f"
175,"Frogans Player","application/vnd.frogans.ltf",".ltf","http://www.iana.org/assignments/media-types/application/vnd.frogans.ltf","t","f"
176,"Fujitsu - Xerox 2D CAD Data","application/vnd.fujixerox.ddd",".ddd","http://www.iana.org/assignments/media-types/application/vnd.fujixerox.ddd","t","f"
177,"Fujitsu - Xerox DocuWorks","application/vnd.fujixerox.docuworks",".xdw","http://www.iana.org/assignments/media-types/application/vnd.fujixerox.docuworks","t","f"
178,"Fujitsu - Xerox DocuWorks Binder","application/vnd.fujixerox.docuworks.binder",".xbd","http://www.iana.org/assignments/media-types/application/vnd.fujixerox.docuworks.binder","t","f"
179,"Fujitsu Oasys","application/vnd.fujitsu.oasys",".oas","http://www.iana.org/assignments/media-types/application/vnd.fujitsu.oasys","t","f"
180,"Fujitsu Oasys","application/vnd.fujitsu.oasys2",".oa2","http://www.iana.org/assignments/media-types/application/vnd.fujitsu.oasys2","t","f"
181,"Fujitsu Oasys","application/vnd.fujitsu.oasys3",".oa3","http://www.iana.org/assignments/media-types/application/vnd.fujitsu.oasys3","t","f"
182,"Fujitsu Oasys","application/vnd.fujitsu.oasysgp",".fg5","http://www.iana.org/assignments/media-types/application/vnd.fujitsu.oasysgp","t","f"
183,"Fujitsu Oasys","application/vnd.fujitsu.oasysprs",".bh2","http://www.iana.org/assignments/media-types/application/vnd.fujitsu.oasysprs","t","f"
184,"FutureSplash Animator","application/x-futuresplash",".spl","http://en.wikipedia.org/wiki/FutureSplash_Animator","t","f"
185,"FuzzySheet","application/vnd.fuzzysheet",".fzs","http://www.iana.org/assignments/media-types/application/vnd.fuzzysheet","t","f"
186,"G3 Fax Image","image/g3fax",".g3","http://en.wikipedia.org/wiki/T.38","t","f"
187,"GameMaker ActiveX","application/vnd.gmx",".gmx","http://www.iana.org/assignments/media-types/application/vnd.gmx","t","f"
188,"Gen-Trix Studio","model/vnd.gtw",".gtw","http://www.iana.org/assignments/media-types/model/vnd.gtw","t","f"
189,"Genomatix Tuxedo Framework","application/vnd.genomatix.tuxedo",".txd","http://www.iana.org/assignments/media-types/application/vnd.genomatix.tuxedo","t","f"
190,"GeoGebra","application/vnd.geogebra.file",".ggb","http://www.iana.org/assignments/media-types/application/vnd.geogebra.file","t","f"
191,"GeoGebra","application/vnd.geogebra.tool",".ggt","http://www.iana.org/assignments/media-types/application/vnd.geogebra.tool","t","f"
192,"Geometric Description Language (GDL)","model/vnd.gdl",".gdl","http://www.iana.org/assignments/media-types/model/vnd.gs-gdl","t","f"
193,"GeoMetry Explorer","application/vnd.geometry-explorer",".gex","http://www.iana.org/assignments/media-types/application/vnd.geometry-explorer","t","f"
194,"GEONExT and JSXGraph","application/vnd.geonext",".gxt","http://www.iana.org/assignments/media-types/application/vnd.geonext","t","f"
195,"GeoplanW","application/vnd.geoplan",".g2w","http://www.iana.org/assignments/media-types/application/vnd.geoplan","t","f"
196,"GeospacW","application/vnd.geospace",".g3w","http://www.iana.org/assignments/media-types/application/vnd.geospace","t","f"
197,"Ghostscript Font","application/x-font-ghostscript",".gsf","http://en.wikipedia.org/wiki/Ghostscript","t","f"
198,"Glyph Bitmap Distribution Format","application/x-font-bdf",".bdf","http://en.wikipedia.org/wiki/Glyph_Bitmap_Distribution_Format","t","f"
199,"GNU Tar Files","application/x-gtar",".gtar","http://www.gnu.org/software/tar/","t","f"
200,"GNU Texinfo Document","application/x-texinfo",".texinfo","http://en.wikipedia.org/wiki/Texinfo","t","f"
201,"Gnumeric","application/x-gnumeric",".gnumeric","http://en.wikipedia.org/wiki/Gnumeric","t","f"
202,"Google Earth - KML","application/vnd.google-earth.kml+xml",".kml","http://www.iana.org/assignments/media-types/application/vnd.google-earth.kml+xml","t","f"
203,"Google Earth - Zipped KML","application/vnd.google-earth.kmz",".kmz","http://www.iana.org/assignments/media-types/application/vnd.google-earth.kmz","t","f"
204,"GrafEq","application/vnd.grafeq",".gqf","http://www.iana.org/assignments/media-types/application/vnd.grafeq","t","f"
205,"Graphics Interchange Format","image/gif",".gif","http://en.wikipedia.org/wiki/Gif","t","f"
206,"Graphviz","text/vnd.graphviz",".gv","http://www.iana.org/assignments/media-types/text/vnd.graphviz","f","f"
207,"Groove - Account","application/vnd.groove-account",".gac","http://www.iana.org/assignments/media-types/application/vnd.groove-account","t","f"
208,"Groove - Help","application/vnd.groove-help",".ghf","http://www.iana.org/assignments/media-types/application/vnd.groove-help","t","f"
209,"Groove - Identity Message","application/vnd.groove-identity-message",".gim","http://www.iana.org/assignments/media-types/application/vnd.groove-identity-message","t","f"
210,"Groove - Injector","application/vnd.groove-injector",".grv","http://www.iana.org/assignments/media-types/application/vnd.groove-injector","t","f"
211,"Groove - Tool Message","application/vnd.groove-tool-message",".gtm","http://www.iana.org/assignments/media-types/application/vnd.groove-tool-message","t","f"
212,"Groove - Tool Template","application/vnd.groove-tool-template",".tpl","http://www.iana.org/assignments/media-types/application/vnd.groove-tool-template","t","f"
213,"Groove - Vcard","application/vnd.groove-vcard",".vcg","http://www.iana.org/assignments/media-types/application/vnd.groove-vcard","t","f"
214,"H.261","video/h261",".h261","http://en.wikipedia.org/wiki/H261","t","f"
215,"H.263","video/h263",".h263","http://en.wikipedia.org/wiki/H263","t","f"
216,"H.264","video/h264",".h264","http://en.wikipedia.org/wiki/H264","t","f"
217,"Hewlett Packard Instant Delivery","application/vnd.hp-hpid",".hpid","http://www.iana.org/assignments/media-types/application/vnd.hp-hpid","t","f"
218,"Hewlett-Packard's WebPrintSmart","application/vnd.hp-hps",".hps","http://www.iana.org/assignments/media-types/application/vnd.hp-hps","t","f"
219,"Hierarchical Data Format","application/x-hdf",".hdf","http://en.wikipedia.org/wiki/Hierarchical_Data_Format","t","f"
220,"Hit'n'Mix","audio/vnd.rip",".rip","http://www.iana.org/assignments/media-types/audio/vnd.rip","t","f"
221,"Homebanking Computer Interface (HBCI)","application/vnd.hbci",".hbci","http://www.iana.org/assignments/media-types/application/vnd.hbci","t","f"
222,"HP Indigo Digital Press - Job Layout Languate","application/vnd.hp-jlyt",".jlt","http://www.iana.org/assignments/media-types/application/vnd.hp-jlyt","t","f"
223,"HP Printer Command Language","application/vnd.hp-pcl",".pcl","http://www.iana.org/assignments/media-types/application/vnd.hp-PCL","t","f"
224,"HP-GL/2 and HP RTL","application/vnd.hp-hpgl",".hpgl","http://www.iana.org/assignments/media-types/application/vnd.hp-HPGL","t","f"
225,"HV Script","application/vnd.yamaha.hv-script",".hvs","http://www.iana.org/assignments/media-types/application/vnd.yamaha.hv-script","t","f"
226,"HV Voice Dictionary","application/vnd.yamaha.hv-dic",".hvd","http://www.iana.org/assignments/media-types/application/vnd.yamaha.hv-dic","t","f"
227,"HV Voice Parameter","application/vnd.yamaha.hv-voice",".hvp","http://www.iana.org/assignments/media-types/application/vnd.yamaha.hv-voice","t","f"
228,"Hydrostatix Master Suite","application/vnd.hydrostatix.sof-data",".sfd-hdstx","http://www.iana.org/assignments/media-types/application/vnd.hydrostatix.sof-data","t","f"
229,"Hyperstudio","application/hyperstudio",".stk","http://www.iana.org/assignments/media-types/application/hyperstudio","t","f"
230,"Hypertext Application Language","application/vnd.hal+xml",".hal","http://www.iana.org/assignments/media-types/application/vnd.hal+xml","t","f"
231,"HyperText Markup Language (HTML)","text/html",".html","http://en.wikipedia.org/wiki/Html","f","f"
232,"IBM DB2 Rights Manager","application/vnd.ibm.rights-management",".irm","http://www.iana.org/assignments/media-types/application/vnd.ibm.rights-management","t","f"
233,"IBM Electronic Media Management System - Secure Container","application/vnd.ibm.secure-container",".sc","http://www.iana.org/assignments/media-types/application/vnd.ibm.secure-container","t","f"
234,"iCalendar","text/calendar",".ics","http://en.wikipedia.org/wiki/ICalendar","f","f"
235,"ICC profile","application/vnd.iccprofile",".icc","http://www.iana.org/assignments/media-types/application/vnd.iccprofile","t","f"
236,"Icon Image","image/x-icon",".ico","http://en.wikipedia.org/wiki/ICO_%28file_format%29","t","f"
237,"igLoader","application/vnd.igloader",".igl","http://www.iana.org/assignments/media-types/application/vnd.igloader","t","f"
238,"Image Exchange Format","image/ief",".ief","http://www.rfc-editor.org/rfc/rfc1314.txt","t","f"
239,"ImmerVision PURE Players","application/vnd.immervision-ivp",".ivp","http://www.iana.org/assignments/media-types/application/vnd.immervision-ivp","t","f"
240,"ImmerVision PURE Players","application/vnd.immervision-ivu",".ivu","http://www.iana.org/assignments/media-types/application/vnd.immervision-ivu","t","f"
241,"IMS Networks","application/reginfo+xml",".rif","http://www.freeformatter.com/mime-types-list.html","t","f"
242,"In3D - 3DML","text/vnd.in3d.3dml",".3dml","http://www.iana.org/assignments/media-types/text/vnd.in3d.3dml","f","f"
243,"In3D - 3DML","text/vnd.in3d.spot",".spot","http://www.iana.org/assignments/media-types/text/vnd.in3d.spot","f","f"
244,"Initial Graphics Exchange Specification (IGES)","model/iges",".igs","http://en.wikipedia.org/wiki/IGES","t","f"
245,"Interactive Geometry Software","application/vnd.intergeo",".i2g","http://www.iana.org/assignments/media-types/application/vnd.intergeo","t","f"
246,"Interactive Geometry Software Cinderella","application/vnd.cinderella",".cdy","http://www.iana.org/assignments/media-types/application/vnd.cinderella","t","f"
247,"Intercon FormNet","application/vnd.intercon.formnet",".xpw","http://www.iana.org/assignments/media-types/application/vnd.intercon.formnet","t","f"
248,"International Society for Advancement of Cytometry","application/vnd.isac.fcs",".fcs","http://www.iana.org/assignments/media-types/application/vnd.isac.fcs","t","f"
249,"Internet Protocol Flow Information Export","application/ipfix",".ipfix","http://tools.ietf.org/html/rfc3917","t","f"
250,"Internet Public Key Infrastructure - Certificate","application/pkix-cert",".cer","http://www.ietf.org/rfc/rfc2585.txt","t","f"
251,"Internet Public Key Infrastructure - Certificate Management Protocole","application/pkixcmp",".pki","http://www.ietf.org/rfc/rfc2585.txt","t","f"
252,"Internet Public Key Infrastructure - Certificate Revocation Lists","application/pkix-crl",".crl","http://www.ietf.org/rfc/rfc2585.txt","t","f"
253,"Internet Public Key Infrastructure - Certification Path","application/pkix-pkipath",".pkipath","http://www.ietf.org/rfc/rfc2585.txt","t","f"
254,"IOCOM Visimeet","application/vnd.insors.igm",".igm","http://www.iana.org/assignments/media-types/application/vnd.insors.igm","t","f"
255,"IP Unplugged Roaming Client","application/vnd.ipunplugged.rcprofile",".rcprofile","http://www.iana.org/assignments/media-types/application/vnd.ipunplugged.rcprofile","t","f"
256,"iRepository / Lucidoc Editor","application/vnd.irepository.package+xml",".irp","http://www.iana.org/assignments/media-types/application/vnd.irepository.package+xml","t","f"
257,"J2ME App Descriptor","text/vnd.sun.j2me.app-descriptor",".jad","http://www.iana.org/assignments/media-types/text/vnd.sun.j2me.app-descriptor","f","f"
258,"Java Archive","application/java-archive",".jar","http://en.wikipedia.org/wiki/JAR_%28file_format%29","t","f"
259,"Java Bytecode File","application/java-vm",".class","http://en.wikipedia.org/wiki/Java_bytecode","t","f"
260,"Java Network Launching Protocol","application/x-java-jnlp-file",".jnlp","http://en.wikipedia.org/wiki/Java_Web_Start","t","f"
261,"Java Serialized Object","application/java-serialized-object",".ser","http://java.sun.com/developer/technicalArticles/Programming/serialization/","t","f"
262,"Java Source File","text/x-java-source,java",".java","http://en.wikipedia.org/wiki/Java_%28programming_language%29","f","f"
263,"JavaScript","application/javascript",".js","http://en.wikipedia.org/wiki/Javascript","t","f"
264,"JavaScript Object Notation (JSON)","application/json",".json","http://en.wikipedia.org/wiki/Json","t","f"
265,"Joda Archive","application/vnd.joost.joda-archive",".joda","http://www.iana.org/assignments/media-types/application/vnd.joost.joda-archive","t","f"
266,"JPEG 2000 Compound Image File Format","video/jpm",".jpm","http://www.iana.org/assignments/media-types/video/jpm","t","f"
267,"JPEG Image","image/jpeg",".jpeg","http://www.rfc-editor.org/rfc/rfc1314.txt","t","f"
10901,"JPEG Image","image/jpg",".jpg","http://www.rfc-editor.org/rfc/rfc1314.txt","t","f"
268,"JPGVideo","video/jpeg",".jpgv","http://www.rfc-editor.org/rfc/rfc3555.txt","t","f"
269,"Kahootz","application/vnd.kahootz",".ktz","http://www.iana.org/assignments/media-types/application/vnd.kahootz","t","f"
270,"Karaoke on Chipnuts Chipsets","application/vnd.chipnuts.karaoke-mmd",".mmd","http://www.iana.org/assignments/media-types/application/vnd.chipnuts.karaoke-mmd","t","f"
271,"KDE KOffice Office Suite - Karbon","application/vnd.kde.karbon",".karbon","http://www.iana.org/assignments/media-types/application/vnd.kde.karbon","t","f"
272,"KDE KOffice Office Suite - KChart","application/vnd.kde.kchart",".chrt","http://www.iana.org/assignments/media-types/application/vnd.kde.kchart","t","f"
273,"KDE KOffice Office Suite - Kformula","application/vnd.kde.kformula",".kfo","http://www.iana.org/assignments/media-types/application/vnd.kde.kformula","t","f"
274,"KDE KOffice Office Suite - Kivio","application/vnd.kde.kivio",".flw","http://www.iana.org/assignments/media-types/application/vnd.kde.kivio","t","f"
275,"KDE KOffice Office Suite - Kontour","application/vnd.kde.kontour",".kon","http://www.iana.org/assignments/media-types/application/vnd.kde.kontour","t","f"
276,"KDE KOffice Office Suite - Kpresenter","application/vnd.kde.kpresenter",".kpr","http://www.iana.org/assignments/media-types/application/vnd.kde.kpresenter","t","f"
277,"KDE KOffice Office Suite - Kspread","application/vnd.kde.kspread",".ksp","http://www.iana.org/assignments/media-types/application/vnd.kde.kspread","t","f"
278,"KDE KOffice Office Suite - Kword","application/vnd.kde.kword",".kwd","http://www.iana.org/assignments/media-types/application/vnd.kde.kword","t","f"
279,"Kenamea App","application/vnd.kenameaapp",".htke","http://www.iana.org/assignments/media-types/application/vnd.kenameaapp","t","f"
280,"Kidspiration","application/vnd.kidspiration",".kia","http://www.iana.org/assignments/media-types/application/vnd.kidspiration","t","f"
281,"Kinar Applications","application/vnd.kinar",".kne","http://www.iana.org/assignments/media-types/application/vnd.Kinar","t","f"
282,"Kodak Storyshare","application/vnd.kodak-descriptor",".sse","http://www.iana.org/assignments/media-types/application/vnd.kodak-descriptor","t","f"
283,"Laser App Enterprise","application/vnd.las.las+xml",".lasxml","http://www.iana.org/assignments/media-types/application/vnd.las.las+xml","t","f"
284,"LaTeX","application/x-latex",".latex","http://en.wikipedia.org/wiki/LaTeX","t","f"
285,"Life Balance - Desktop Edition","application/vnd.llamagraphics.life-balance.desktop",".lbd","http://www.iana.org/assignments/media-types/application/vnd.llamagraphics.life-balance.desktop","t","f"
286,"Life Balance - Exchange Format","application/vnd.llamagraphics.life-balance.exchange+xml",".lbe","http://www.iana.org/assignments/media-types/application/vnd.llamagraphics.life-balance.exchange+xml","t","f"
287,"Lightspeed Audio Lab","application/vnd.jam",".jam","http://www.iana.org/assignments/media-types/application/vnd.jam","t","f"
288,"Lotus 1-2-3","application/vnd.lotus-1-2-3",".123","http://www.iana.org/assignments/media-types/application/vnd.lotus-1-2-3","t","f"
289,"Lotus Approach","application/vnd.lotus-approach",".apr","http://www.iana.org/assignments/media-types/application/vnd.lotus-approach","t","f"
290,"Lotus Freelance","application/vnd.lotus-freelance",".pre","http://www.iana.org/assignments/media-types/application/vnd.lotus-freelance","t","f"
291,"Lotus Notes","application/vnd.lotus-notes",".nsf","http://www.iana.org/assignments/media-types/application/vnd.lotus-notes","t","f"
292,"Lotus Organizer","application/vnd.lotus-organizer",".org","http://www.iana.org/assignments/media-types/application/vnd.lotus-organizer","t","f"
293,"Lotus Screencam","application/vnd.lotus-screencam",".scm","http://www.iana.org/assignments/media-types/application/vnd.lotus-screencam","t","f"
294,"Lotus Wordpro","application/vnd.lotus-wordpro",".lwp","http://www.iana.org/assignments/media-types/application/vnd.lotus-wordpro","t","f"
295,"Lucent Voice","audio/vnd.lucent.voice",".lvp","http://www.iana.org/assignments/media-types/audio/vnd.lucent.voice","t","f"
296,"M3U (Multimedia Playlist)","audio/x-mpegurl",".m3u","http://en.wikipedia.org/wiki/M3u","t","f"
297,"M4v","video/x-m4v",".m4v","http://en.wikipedia.org/wiki/M4v","t","f"
298,"Macintosh BinHex 4.0","application/mac-binhex40",".hqx","http://www.iana.org/assignments/media-types/multipart/appledouble","t","f"
299,"MacPorts Port System","application/vnd.macports.portpkg",".portpkg","http://www.iana.org/assignments/media-types/application/vnd.macports.portpkg","t","f"
300,"MapGuide DBXML","application/vnd.osgeo.mapguide.package",".mgp","http://www.iana.org/assignments/media-types/application/vnd.osgeo.mapguide.package","t","f"
301,"MARC Formats","application/marc",".mrc","http://www.faqs.org/rfcs/rfc2220.html","t","f"
302,"MARC21 XML Schema","application/marcxml+xml",".mrcx","http://tools.ietf.org/html/rfc6207","t","f"
303,"Material Exchange Format","application/mxf",".mxf","http://www.ietf.org/rfc/rfc4539.txt","t","f"
304,"Mathematica Notebook Player","application/vnd.wolfram.player",".nbp","http://www.iana.org/assignments/media-types/application/vnd.wolfram.player","t","f"
305,"Mathematica Notebooks","application/mathematica",".ma","http://www.iana.org/assignments/media-types/application/mathematica","t","f"
306,"Mathematical Markup Language","application/mathml+xml",".mathml","http://www.w3.org/Math/","t","f"
307,"Mbox database files","application/mbox",".mbox","http://tools.ietf.org/html/rfc4155","t","f"
308,"MedCalc","application/vnd.medcalcdata",".mc1","http://www.iana.org/assignments/media-types/application/vnd.medcalcdata","t","f"
309,"Media Server Control Markup Language","application/mediaservercontrol+xml",".mscml","http://tools.ietf.org/html/rfc5022","t","f"
310,"MediaRemote","application/vnd.mediastation.cdkey",".cdkey","http://www.iana.org/assignments/media-types/application/vnd.mediastation.cdkey","t","f"
311,"Medical Waveform Encoding Format","application/vnd.mfer",".mwf","http://www.iana.org/assignments/media-types/application/vnd.MFER","t","f"
312,"Melody Format for Mobile Platform","application/vnd.mfmp",".mfm","http://www.iana.org/assignments/media-types/application/vnd.mfmp","t","f"
313,"Mesh Data Type","model/mesh",".msh","http://www.ietf.org/rfc/rfc2077.txt","t","f"
314,"Metadata Authority Description Schema","application/mads+xml",".mads","http://tools.ietf.org/html/rfc6207","t","f"
315,"Metadata Encoding and Transmission Standard","application/mets+xml",".mets","http://tools.ietf.org/html/rfc6207","t","f"
316,"Metadata Object Description Schema","application/mods+xml",".mods","http://tools.ietf.org/html/rfc6207","t","f"
317,"Metalink","application/metalink4+xml",".meta4","http://en.wikipedia.org/wiki/Metalink","t","f"
318,"Micosoft PowerPoint - Macro-Enabled Template File","application/vnd.ms-powerpoint.template.macroenabled.12",".potm","http://www.iana.org/assignments/media-types/application/vnd.ms-powerpoint.template.macroEnabled.12","t","f"
319,"Micosoft Word - Macro-Enabled Document","application/vnd.ms-word.document.macroenabled.12",".docm","http://www.iana.org/assignments/media-types/application/vnd.ms-word.document.macroEnabled.12","t","f"
320,"Micosoft Word - Macro-Enabled Template","application/vnd.ms-word.template.macroenabled.12",".dotm","http://www.iana.org/assignments/media-types/application/vnd.ms-word.template.macroEnabled.12","t","f"
321,"Micro CADAM Helix D&D","application/vnd.mcd",".mcd","http://www.iana.org/assignments/media-types/application/vnd.mcd","t","f"
322,"Micrografx","application/vnd.micrografx.flo",".flo","http://www.iana.org/assignments/media-types/application/vnd.micrografx.flo","t","f"
323,"Micrografx iGrafx Professional","application/vnd.micrografx.igx",".igx","http://www.iana.org/assignments/media-types/application/vnd.micrografx.igx","t","f"
324,"MICROSEC e-SzignÂ¢","application/vnd.eszigno3+xml",".es3","http://www.iana.org/assignments/media-types/application/vnd.eszigno3+xml","t","f"
325,"Microsoft Access","application/x-msaccess",".mdb","http://en.wikipedia.org/wiki/Microsoft_Access","t","f"
326,"Microsoft Advanced Systems Format (ASF)","video/x-ms-asf",".asf","http://en.wikipedia.org/wiki/Advanced_Systems_Format","t","f"
327,"Microsoft Application","application/x-msdownload",".exe","http://en.wikipedia.org/wiki/EXE","t","f"
328,"Microsoft Artgalry","application/vnd.ms-artgalry",".cil","http://www.iana.org/assignments/media-types/application/vnd.ms-artgalry","t","f"
329,"Microsoft Cabinet File","application/vnd.ms-cab-compressed",".cab","http://www.iana.org/assignments/media-types/application/vnd.ms-cab-compressed","t","f"
330,"Microsoft Class Server","application/vnd.ms-ims",".ims","http://www.iana.org/assignments/media-types/application/vnd.ms-ims","t","f"
331,"Microsoft ClickOnce","application/x-ms-application",".application","http://en.wikipedia.org/wiki/ClickOnce","t","f"
332,"Microsoft Clipboard Clip","application/x-msclip",".clp","http://en.wikipedia.org/wiki/Clipboard_%28computing%29","t","f"
333,"Microsoft Document Imaging Format","image/vnd.ms-modi",".mdi","http://en.wikipedia.org/wiki/Microsoft_Document_Imaging_Format","t","f"
334,"Microsoft Embedded OpenType","application/vnd.ms-fontobject",".eot","http://www.iana.org/assignments/media-types/application/vnd.ms-fontobject","t","f"
335,"Microsoft Excel","application/vnd.ms-excel",".xls","http://www.iana.org/assignments/media-types/application/vnd.ms-excel","t","f"
336,"Microsoft Excel - Add-In File","application/vnd.ms-excel.addin.macroenabled.12",".xlam","http://www.iana.org/assignments/media-types/application/vnd.ms-excel.addin.macroEnabled.12","t","f"
337,"Microsoft Excel - Binary Workbook","application/vnd.ms-excel.sheet.binary.macroenabled.12",".xlsb","http://www.iana.org/assignments/media-types/application/vnd.ms-excel.sheet.binary.macroEnabled.12","t","f"
338,"Microsoft Excel - Macro-Enabled Template File","application/vnd.ms-excel.template.macroenabled.12",".xltm","http://www.iana.org/assignments/media-types/application/vnd.ms-excel.template.macroEnabled.12","t","f"
339,"Microsoft Excel - Macro-Enabled Workbook","application/vnd.ms-excel.sheet.macroenabled.12",".xlsm","http://www.iana.org/assignments/media-types/application/vnd.ms-excel.sheet.macroEnabled.12","t","f"
340,"Microsoft Html Help File","application/vnd.ms-htmlhelp",".chm","http://www.iana.org/assignments/media-types/application/vnd.ms-htmlhelp","t","f"
341,"Microsoft Information Card","application/x-mscardfile",".crd","http://en.wikipedia.org/wiki/Information_Card","t","f"
342,"Microsoft Learning Resource Module","application/vnd.ms-lrm",".lrm","http://www.iana.org/assignments/media-types/application/vnd.ms-lrm","t","f"
343,"Microsoft MediaView","application/x-msmediaview",".mvb","http://www.herdsoft.com/ti/winhelpcgi/winhelpcgi.cgi/helpfiles/english/hlp2rtf.hlp/id/id_purpose.html","t","f"
344,"Microsoft Money","application/x-msmoney",".mny","http://en.wikipedia.org/wiki/Microsoft_money","t","f"
345,"Microsoft Office - OOXML - Presentation","application/vnd.openxmlformats-officedocument.presentationml.presentation",".pptx","http://www.iana.org/assignments/media-types/application/vnd.openxmlformats-officedocument.presentationml.presentation","t","f"
346,"Microsoft Office - OOXML - Presentation (Slide)","application/vnd.openxmlformats-officedocument.presentationml.slide",".sldx","http://www.iana.org/assignments/media-types/application/vnd.openxmlformats-officedocument.presentationml.slide","t","f"
347,"Microsoft Office - OOXML - Presentation (Slideshow)","application/vnd.openxmlformats-officedocument.presentationml.slideshow",".ppsx","http://www.iana.org/assignments/media-types/application/vnd.openxmlformats-officedocument.presentationml.slideshow","t","f"
348,"Microsoft Office - OOXML - Presentation Template","application/vnd.openxmlformats-officedocument.presentationml.template",".potx","http://www.iana.org/assignments/media-types/application/vnd.openxmlformats-officedocument.presentationml.template","t","f"
349,"Microsoft Office - OOXML - Spreadsheet","application/vnd.openxmlformats-officedocument.spreadsheetml.sheet",".xlsx","http://www.iana.org/assignments/media-types/application/vnd.openxmlformats-officedocument.spreadsheetml.sheet","t","f"
350,"Microsoft Office - OOXML - Spreadsheet Teplate","application/vnd.openxmlformats-officedocument.spreadsheetml.template",".xltx","http://www.iana.org/assignments/media-types/application/vnd.openxmlformats-officedocument.spreadsheetml.template","t","f"
351,"Microsoft Office - OOXML - Word Document","application/vnd.openxmlformats-officedocument.wordprocessingml.document",".docx","http://www.iana.org/assignments/media-types/application/vnd.openxmlformats-officedocument.wordprocessingml.document","t","f"
352,"Microsoft Office - OOXML - Word Document Template","application/vnd.openxmlformats-officedocument.wordprocessingml.template",".dotx","http://www.iana.org/assignments/media-types/application/vnd.openxmlformats-officedocument.wordprocessingml.template","t","f"
353,"Microsoft Office Binder","application/x-msbinder",".obd","http://en.wikipedia.org/wiki/Microsoft_Office_shared_tools","t","f"
354,"Microsoft Office System Release Theme","application/vnd.ms-officetheme",".thmx","http://www.iana.org/assignments/media-types/application/vnd.ms-officetheme","t","f"
355,"Microsoft OneNote","application/onenote",".onetoc","http://office.microsoft.com/en-ca/onenote/","t","f"
356,"Microsoft PlayReady Ecosystem","audio/vnd.ms-playready.media.pya",".pya","http://www.iana.org/assignments/media-types/audio/vnd.ms-playready.media.pya","t","f"
357,"Microsoft PlayReady Ecosystem Video","video/vnd.ms-playready.media.pyv",".pyv","http://www.iana.org/assignments/media-types/video/vnd.ms-playready.media.pyv","t","f"
358,"Microsoft PowerPoint","application/vnd.ms-powerpoint",".ppt","http://www.iana.org/assignments/media-types/application/vnd.ms-powerpoint","t","f"
359,"Microsoft PowerPoint - Add-in file","application/vnd.ms-powerpoint.addin.macroenabled.12",".ppam","http://www.iana.org/assignments/media-types/application/vnd.ms-powerpoint.addin.macroEnabled.12","t","f"
360,"Microsoft PowerPoint - Macro-Enabled Open XML Slide","application/vnd.ms-powerpoint.slide.macroenabled.12",".sldm","http://www.iana.org/assignments/media-types/application/vnd.ms-powerpoint.slide.macroEnabled.12","t","f"
361,"Microsoft PowerPoint - Macro-Enabled Presentation File","application/vnd.ms-powerpoint.presentation.macroenabled.12",".pptm","http://www.iana.org/assignments/media-types/application/vnd.ms-powerpoint.presentation.macroEnabled.12","t","f"
362,"Microsoft PowerPoint - Macro-Enabled Slide Show File","application/vnd.ms-powerpoint.slideshow.macroenabled.12",".ppsm","http://www.iana.org/assignments/media-types/application/vnd.ms-powerpoint.slideshow.macroEnabled.12","t","f"
363,"Microsoft Project","application/vnd.ms-project",".mpp","http://www.iana.org/assignments/media-types/application/vnd.ms-project","t","f"
364,"Microsoft Publisher","application/x-mspublisher",".pub","http://en.wikipedia.org/wiki/Microsoft_Publisher","t","f"
365,"Microsoft Schedule+","application/x-msschedule",".scd","http://en.wikipedia.org/wiki/Microsoft_Schedule_Plus","t","f"
366,"Microsoft Silverlight","application/x-silverlight-app",".xap","http://en.wikipedia.org/wiki/Silverlight","t","f"
367,"Microsoft Trust UI Provider - Certificate Trust Link","application/vnd.ms-pki.stl",".stl","http://www.iana.org/assignments/media-types/application/vnd.ms-pki.stl","t","f"
368,"Microsoft Trust UI Provider - Security Catalog","application/vnd.ms-pki.seccat",".cat","http://www.iana.org/assignments/media-types/application/vnd.ms-pki.seccat","t","f"
369,"Microsoft Visio","application/vnd.visio",".vsd","http://www.iana.org/assignments/media-types/application/vnd.visio","t","f"
370,"Microsoft Windows Media","video/x-ms-wm",".wm","http://en.wikipedia.org/wiki/Advanced_Systems_Format","t","f"
371,"Microsoft Windows Media Audio","audio/x-ms-wma",".wma","http://en.wikipedia.org/wiki/Windows_Media_Audio","t","f"
372,"Microsoft Windows Media Audio Redirector","audio/x-ms-wax",".wax","http://www.microsoft.com/windows/windowsmedia/howto/articles/introwmmeta.aspx","t","f"
373,"Microsoft Windows Media Audio/Video Playlist","video/x-ms-wmx",".wmx","http://en.wikipedia.org/wiki/Advanced_Systems_Format","t","f"
374,"Microsoft Windows Media Player Download Package","application/x-ms-wmd",".wmd","http://en.wikipedia.org/wiki/Windows_Media_Player","t","f"
375,"Microsoft Windows Media Player Playlist","application/vnd.ms-wpl",".wpl","http://www.iana.org/assignments/media-types/application/vnd.ms-wpl","t","f"
376,"Microsoft Windows Media Player Skin Package","application/x-ms-wmz",".wmz","http://en.wikipedia.org/wiki/Windows_Media_Player","t","f"
377,"Microsoft Windows Media Video","video/x-ms-wmv",".wmv","http://en.wikipedia.org/wiki/Advanced_Systems_Format","t","f"
378,"Microsoft Windows Media Video Playlist","video/x-ms-wvx",".wvx","http://en.wikipedia.org/wiki/Advanced_Systems_Format","t","f"
379,"Microsoft Windows Metafile","application/x-msmetafile",".wmf","http://en.wikipedia.org/wiki/Windows_Metafile","t","f"
380,"Microsoft Windows Terminal Services","application/x-msterminal",".trm","http://en.wikipedia.org/wiki/Remote_Desktop_Services#Terminal_Server","t","f"
381,"Microsoft Word","application/msword",".doc","http://en.wikipedia.org/wiki/Microsoft_Word","t","f"
382,"Microsoft Wordpad","application/x-mswrite",".wri","http://en.wikipedia.org/wiki/Wordpad","t","f"
383,"Microsoft Works","application/vnd.ms-works",".wps","http://www.iana.org/assignments/media-types/application/vnd.ms-works","t","f"
384,"Microsoft XAML Browser Application","application/x-ms-xbap",".xbap","http://en.wikipedia.org/wiki/XAML_Browser_Applications","t","f"
385,"Microsoft XML Paper Specification","application/vnd.ms-xpsdocument",".xps","http://www.iana.org/assignments/media-types/application/vnd.ms-xpsdocument","t","f"
386,"MIDI - Musical Instrument Digital Interface","audio/midi",".mid","http://en.wikipedia.org/wiki/Midi","t","f"
387,"MiniPay","application/vnd.ibm.minipay",".mpy","http://www.iana.org/assignments/media-types/application/vnd.ibm.MiniPay","t","f"
388,"MO:DCA-P","application/vnd.ibm.modcap",".afp","http://www.iana.org/assignments/media-types/application/vnd.ibm.modcap","t","f"
389,"Mobile Information Device Profile","application/vnd.jcp.javame.midlet-rms",".rms","http://www.iana.org/assignments/media-types/application/vnd.jcp.javame.midlet-rms","t","f"
390,"MobileTV","application/vnd.tmobile-livetv",".tmo","http://www.iana.org/assignments/media-types/application/vnd.tmobile-livetv","t","f"
391,"Mobipocket","application/x-mobipocket-ebook",".prc","http://en.wikipedia.org/wiki/Mobipocket","t","f"
392,"Mobius Management Systems - Basket file","application/vnd.mobius.mbk",".mbk","http://www.iana.org/assignments/media-types/application/vnd.mobius.mbk","t","f"
393,"Mobius Management Systems - Distribution Database","application/vnd.mobius.dis",".dis","http://www.iana.org/assignments/media-types/application/vnd.mobius.dis","t","f"
394,"Mobius Management Systems - Policy Definition Language File","application/vnd.mobius.plc",".plc","http://www.iana.org/assignments/media-types/application/vnd.mobius.plc","t","f"
395,"Mobius Management Systems - Query File","application/vnd.mobius.mqy",".mqy","http://www.iana.org/assignments/media-types/application/vnd.mobius.mqy","t","f"
396,"Mobius Management Systems - Script Language","application/vnd.mobius.msl",".msl","http://www.iana.org/assignments/media-types/application/vnd.mobius.msl","t","f"
397,"Mobius Management Systems - Topic Index File","application/vnd.mobius.txf",".txf","http://www.iana.org/assignments/media-types/application/vnd.mobius.txf","t","f"
398,"Mobius Management Systems - UniversalArchive","application/vnd.mobius.daf",".daf","http://www.iana.org/assignments/media-types/application/vnd.Mobius.DAF","t","f"
399,"mod_fly / fly.cgi","text/vnd.fly",".fly","http://www.iana.org/assignments/media-types/text/vnd.fly","f","f"
400,"Mophun Certificate","application/vnd.mophun.certificate",".mpc","http://www.iana.org/assignments/media-types/application/vnd.mophun.certificate","t","f"
401,"Mophun VM","application/vnd.mophun.application",".mpn","http://www.iana.org/assignments/media-types/application/vnd.mophun.application","t","f"
402,"Motion JPEG 2000","video/mj2",".mj2","http://www.iana.org/assignments/media-types/video/mj2","t","f"
403,"MPEG Audio","audio/mpeg",".mpga","http://en.wikipedia.org/wiki/MPEG-1_Audio_Layer_II","t","f"
404,"MPEG Url","video/vnd.mpegurl",".mxu","http://www.iana.org/assignments/media-types/video/vnd-mpegurl","t","f"
405,"MPEG Video","video/mpeg",".mpeg","http://en.wikipedia.org/wiki/Mpeg","t","f"
406,"MPEG-21","application/mp21",".m21","http://en.wikipedia.org/wiki/MPEG-21","t","f"
407,"MPEG-4 Audio","audio/mp4",".mp4a","http://en.wikipedia.org/wiki/Mp4a","t","f"
408,"MPEG-4 Video","video/mp4",".mp4","http://en.wikipedia.org/wiki/MPEG-4_Part_14","t","f"
410,"Multimedia Playlist Unicode","application/vnd.apple.mpegurl",".m3u8","http://en.wikipedia.org/wiki/M3U","t","f"
411,"MUsical Score Interpreted Code Invented for the ASCII designation of Notation","application/vnd.musician",".mus","http://www.iana.org/assignments/media-types/application/vnd.musician","t","f"
412,"Muvee Automatic Video Editing","application/vnd.muvee.style",".msty","http://www.iana.org/assignments/media-types/application/vnd.muvee.style","t","f"
413,"MXML","application/xv+xml",".mxml","http://en.wikipedia.org/wiki/MXML","t","f"
414,"N-Gage Game Data","application/vnd.nokia.n-gage.data",".ngdat","http://www.iana.org/assignments/media-types/application/vnd.nokia.n-gage.data","t","f"
415,"N-Gage Game Installer","application/vnd.nokia.n-gage.symbian.install",".n-gage","http://www.iana.org/assignments/media-types/application/vnd.nokia.n-gage.symbian.install","t","f"
416,"Navigation Control file for XML (for ePub)","application/x-dtbncx+xml",".ncx","http://en.wikipedia.org/wiki/EPUB","t","f"
417,"Network Common Data Form (NetCDF)","application/x-netcdf",".nc","http://en.wikipedia.org/wiki/NetCDF","t","f"
418,"neuroLanguage","application/vnd.neurolanguage.nlu",".nlu","http://www.iana.org/assignments/media-types/application/vnd.neurolanguage.nlu","t","f"
419,"New Moon Liftoff/DNA","application/vnd.dna",".dna","http://www.iana.org/assignments/media-types/application/vnd.dna","t","f"
420,"NobleNet Directory","application/vnd.noblenet-directory",".nnd","http://www.iana.org/assignments/media-types/application/vnd.noblenet-directory","t","f"
421,"NobleNet Sealer","application/vnd.noblenet-sealer",".nns","http://www.iana.org/assignments/media-types/application/vnd.noblenet-sealer","t","f"
422,"NobleNet Web","application/vnd.noblenet-web",".nnw","http://www.iana.org/assignments/media-types/application/vnd.noblenet-web","t","f"
423,"Nokia Radio Application - Preset","application/vnd.nokia.radio-preset",".rpst","http://www.iana.org/assignments/media-types/application/vnd.nokia.radio-preset","t","f"
424,"Nokia Radio Application - Preset","application/vnd.nokia.radio-presets",".rpss","http://www.iana.org/assignments/media-types/application/vnd.nokia.radio-presets","t","f"
425,"Notation3","text/n3",".n3","http://en.wikipedia.org/wiki/Notation3","f","f"
426,"Novadigm's RADIA and EDM products","application/vnd.novadigm.edm",".edm","http://www.iana.org/assignments/media-types/application/vnd.novadigm.EDM","t","f"
427,"Novadigm's RADIA and EDM products","application/vnd.novadigm.edx",".edx","http://www.iana.org/assignments/media-types/application/vnd.novadigm.EDX","t","f"
428,"Novadigm's RADIA and EDM products","application/vnd.novadigm.ext",".ext","http://www.iana.org/assignments/media-types/application/vnd.novadigm.EXT","t","f"
429,"NpGraphIt","application/vnd.flographit",".gph","http://www.iana.org/assignments/media-types/application/vnd.flographit","t","f"
430,"Nuera ECELP 4800","audio/vnd.nuera.ecelp4800",".ecelp4800","http://www.iana.org/assignments/media-types/audio/vnd.nuera.ecelp4800","t","f"
431,"Nuera ECELP 7470","audio/vnd.nuera.ecelp7470",".ecelp7470","http://www.iana.org/assignments/media-types/audio/vnd.nuera.ecelp7470","t","f"
432,"Nuera ECELP 9600","audio/vnd.nuera.ecelp9600",".ecelp9600","http://www.iana.org/assignments/media-types/audio/vnd.nuera.ecelp9600","t","f"
433,"Office Document Architecture","application/oda",".oda","http://tools.ietf.org/html/rfc2161","t","f"
434,"Ogg","application/ogg",".ogx","http://en.wikipedia.org/wiki/Ogg","t","f"
435,"Ogg Audio","audio/ogg",".oga","http://en.wikipedia.org/wiki/Ogg","t","f"
436,"Ogg Video","video/ogg",".ogv","http://en.wikipedia.org/wiki/Ogg","t","f"
437,"OMA Download Agents","application/vnd.oma.dd2+xml",".dd2","http://www.iana.org/assignments/media-types/application/vnd.oma.dd2+xml","t","f"
438,"Open Document Text Web","application/vnd.oasis.opendocument.text-web",".oth","http://www.iana.org/assignments/media-types/application/vnd.oasis.opendocument.text-web","t","f"
439,"Open eBook Publication Structure","application/oebps-package+xml",".opf","http://en.wikipedia.org/wiki/Open_eBook","t","f"
440,"Open Financial Exchange","application/vnd.intu.qbo",".qbo","http://www.iana.org/assignments/media-types/application/vnd.intu.qbo","t","f"
441,"Open Office Extension","application/vnd.openofficeorg.extension",".oxt","http://www.iana.org/assignments/media-types/application/vnd.openofficeorg.extension","t","f"
442,"Open Score Format","application/vnd.yamaha.openscoreformat",".osf","http://www.iana.org/assignments/media-types/application/vnd.yamaha.openscoreformat","t","f"
443,"Open Web Media Project - Audio","audio/webm",".weba","http://www.webmproject.org/about/faq/","t","f"
444,"Open Web Media Project - Video","video/webm",".webm","http://www.webmproject.org/about/faq/","t","f"
445,"OpenDocument Chart","application/vnd.oasis.opendocument.chart",".odc","http://www.iana.org/assignments/media-types/application/vnd.oasis.opendocument.chart","t","f"
446,"OpenDocument Chart Template","application/vnd.oasis.opendocument.chart-template",".otc","http://www.iana.org/assignments/media-types/application/vnd.oasis.opendocument.chart-template","t","f"
447,"OpenDocument Database","application/vnd.oasis.opendocument.database",".odb","http://www.iana.org/assignments/media-types/application/vnd.oasis.opendocument.database","t","f"
448,"OpenDocument Formula","application/vnd.oasis.opendocument.formula",".odf","http://www.iana.org/assignments/media-types/application/vnd.oasis.opendocument.formula","t","f"
449,"OpenDocument Formula Template","application/vnd.oasis.opendocument.formula-template",".odft","http://www.iana.org/assignments/media-types/application/vnd.oasis.opendocument.formula-template","t","f"
450,"OpenDocument Graphics","application/vnd.oasis.opendocument.graphics",".odg","http://www.iana.org/assignments/media-types/application/vnd.oasis.opendocument.graphics","t","f"
451,"OpenDocument Graphics Template","application/vnd.oasis.opendocument.graphics-template",".otg","http://www.iana.org/assignments/media-types/application/vnd.oasis.opendocument.graphics-template","t","f"
452,"OpenDocument Image","application/vnd.oasis.opendocument.image",".odi","http://www.iana.org/assignments/media-types/application/vnd.oasis.opendocument.image","t","f"
453,"OpenDocument Image Template","application/vnd.oasis.opendocument.image-template",".oti","http://www.iana.org/assignments/media-types/application/vnd.oasis.opendocument.image-template","t","f"
454,"OpenDocument Presentation","application/vnd.oasis.opendocument.presentation",".odp","http://www.iana.org/assignments/media-types/application/vnd.oasis.opendocument.presentation","t","f"
455,"OpenDocument Presentation Template","application/vnd.oasis.opendocument.presentation-template",".otp","http://www.iana.org/assignments/media-types/application/vnd.oasis.opendocument.presentation-template","t","f"
456,"OpenDocument Spreadsheet","application/vnd.oasis.opendocument.spreadsheet",".ods","http://www.iana.org/assignments/media-types/application/vnd.oasis.opendocument.spreadsheet","t","f"
457,"OpenDocument Spreadsheet Template","application/vnd.oasis.opendocument.spreadsheet-template",".ots","http://www.iana.org/assignments/media-types/application/vnd.oasis.opendocument.spreadsheet-template","t","f"
458,"OpenDocument Text","application/vnd.oasis.opendocument.text",".odt","http://www.iana.org/assignments/media-types/application/vnd.oasis.opendocument.text","t","f"
459,"OpenDocument Text Master","application/vnd.oasis.opendocument.text-master",".odm","http://www.iana.org/assignments/media-types/application/vnd.oasis.opendocument.text-master","t","f"
460,"OpenDocument Text Template","application/vnd.oasis.opendocument.text-template",".ott","http://www.iana.org/assignments/media-types/application/vnd.oasis.opendocument.text-template","t","f"
461,"OpenGL Textures (KTX)","image/ktx",".ktx","http://www.khronos.org/opengles/sdk/tools/KTX/file_format_spec/","t","f"
462,"OpenOffice - Calc (Spreadsheet)","application/vnd.sun.xml.calc",".sxc","http://en.wikipedia.org/wiki/OpenOffice.org_XML","t","f"
463,"OpenOffice - Calc Template (Spreadsheet)","application/vnd.sun.xml.calc.template",".stc","http://en.wikipedia.org/wiki/OpenOffice.org_XML","t","f"
464,"OpenOffice - Draw (Graphics)","application/vnd.sun.xml.draw",".sxd","http://en.wikipedia.org/wiki/OpenOffice.org_XML","t","f"
465,"OpenOffice - Draw Template (Graphics)","application/vnd.sun.xml.draw.template",".std","http://en.wikipedia.org/wiki/OpenOffice.org_XML","t","f"
466,"OpenOffice - Impress (Presentation)","application/vnd.sun.xml.impress",".sxi","http://en.wikipedia.org/wiki/OpenOffice.org_XML","t","f"
467,"OpenOffice - Impress Template (Presentation)","application/vnd.sun.xml.impress.template",".sti","http://en.wikipedia.org/wiki/OpenOffice.org_XML","t","f"
468,"OpenOffice - Math (Formula)","application/vnd.sun.xml.math",".sxm","http://en.wikipedia.org/wiki/OpenOffice.org_XML","t","f"
469,"OpenOffice - Writer (Text - HTML)","application/vnd.sun.xml.writer",".sxw","http://en.wikipedia.org/wiki/OpenOffice.org_XML","t","f"
470,"OpenOffice - Writer (Text - HTML)","application/vnd.sun.xml.writer.global",".sxg","http://en.wikipedia.org/wiki/OpenOffice.org_XML","t","f"
471,"OpenOffice - Writer Template (Text - HTML)","application/vnd.sun.xml.writer.template",".stw","http://en.wikipedia.org/wiki/OpenOffice.org_XML","t","f"
472,"OpenType Font File","application/x-font-otf",".otf","http://www.microsoft.com/typography/otspec/otff.htm","t","f"
473,"OSFPVG","application/vnd.yamaha.openscoreformat.osfpvg+xml",".osfpvg","http://www.iana.org/assignments/media-types/application/vnd.yamaha.openscoreformat.osfpvg+xml","t","f"
474,"OSGi Deployment Package","application/vnd.osgi.dp",".dp","http://www.iana.org/assignments/media-types/application/vnd.osgi.dp","t","f"
475,"PalmOS Data","application/vnd.palm",".pdb","http://www.iana.org/assignments/media-types/application/vnd.palm","t","f"
476,"Pascal Source File","text/x-pascal",".p","http://en.wikipedia.org/wiki/Pascal_%28programming_language%29","f","f"
477,"PawaaFILE","application/vnd.pawaafile",".paw","http://www.iana.org/assignments/media-types/application/vnd.pawaafile","t","f"
478,"PCL 6 Enhanced (Formely PCL XL)","application/vnd.hp-pclxl",".pclxl","http://www.iana.org/assignments/media-types/application/vnd.hp-PCLXL","t","f"
479,"Pcsel eFIF File","application/vnd.picsel",".efif","http://www.iana.org/assignments/media-types/application/vnd.picsel","t","f"
480,"PCX Image","image/x-pcx",".pcx","http://en.wikipedia.org/wiki/PCX","t","f"
481,"Photoshop Document","image/vnd.adobe.photoshop",".psd","http://en.wikipedia.org/wiki/Adobe_Photoshop#Features","t","f"
482,"PICSRules","application/pics-rules",".prf","http://www.w3.org/TR/REC-PICSRules/","t","f"
483,"PICT Image","image/x-pict",".pic","http://en.wikipedia.org/wiki/PICT","t","f"
484,"pIRCh","application/x-chat",".chat","http://en.wikipedia.org/wiki/PIRCH","t","f"
485,"PKCS #10 - Certification Request Standard","application/pkcs10",".p10","http://tools.ietf.org/html/rfc2986","t","f"
486,"PKCS #12 - Personal Information Exchange Syntax Standard","application/x-pkcs12",".p12","http://tools.ietf.org/html/rfc2986","t","f"
487,"PKCS #7 - Cryptographic Message Syntax Standard","application/pkcs7-mime",".p7m","http://tools.ietf.org/html/rfc2315","t","f"
488,"PKCS #7 - Cryptographic Message Syntax Standard","application/pkcs7-signature",".p7s","http://tools.ietf.org/html/rfc2315","t","f"
489,"PKCS #7 - Cryptographic Message Syntax Standard (Certificate Request Response)","application/x-pkcs7-certreqresp",".p7r","http://tools.ietf.org/html/rfc2986","t","f"
490,"PKCS #7 - Cryptographic Message Syntax Standard (Certificates)","application/x-pkcs7-certificates",".p7b","http://tools.ietf.org/html/rfc2986","t","f"
491,"PKCS #8 - Private-Key Information Syntax Standard","application/pkcs8",".p8","http://tools.ietf.org/html/rfc5208","t","f"
492,"PocketLearn Viewers","application/vnd.pocketlearn",".plf","http://www.iana.org/assignments/media-types/application/vnd.pocketlearn","t","f"
493,"Portable Anymap Image","image/x-portable-anymap",".pnm","http://en.wikipedia.org/wiki/Netpbm_format","t","f"
494,"Portable Bitmap Format","image/x-portable-bitmap",".pbm","http://en.wikipedia.org/wiki/Netpbm_format","t","f"
495,"Portable Compiled Format","application/x-font-pcf",".pcf","http://en.wikipedia.org/wiki/Portable_Compiled_Format","t","f"
496,"Portable Font Resource","application/font-tdpfr",".pfr","http://tools.ietf.org/html/rfc3073","t","f"
497,"Portable Game Notation (Chess Games)","application/x-chess-pgn",".pgn","http://en.wikipedia.org/wiki/Portable_Game_Notation","t","f"
498,"Portable Graymap Format","image/x-portable-graymap",".pgm","http://en.wikipedia.org/wiki/Netpbm_format","t","f"
499,"Portable Network Graphics (PNG)","image/png",".png","http://tools.ietf.org/html/rfc2083","t","f"
500,"Portable Pixmap Format","image/x-portable-pixmap",".ppm","http://en.wikipedia.org/wiki/Netpbm_format","t","f"
501,"Portable Symmetric Key Container","application/pskc+xml",".pskcxml","http://tools.ietf.org/html/rfc6030","t","f"
502,"PosML","application/vnd.ctc-posml",".pml","http://www.iana.org/assignments/media-types/application/vnd.ctc-posml","t","f"
503,"PostScript","application/postscript",".ai","http://en.wikipedia.org/wiki/PostScript","t","f"
504,"PostScript Fonts","application/x-font-type1",".pfa","http://en.wikipedia.org/wiki/PostScript_fonts","t","f"
505,"PowerBuilder","application/vnd.powerbuilder6",".pbd","http://www.iana.org/assignments/media-types/application/vnd.powerbuilder6","t","f"
507,"Pretty Good Privacy - Signature","application/pgp-signature",".pgp","http://www.ietf.org/rfc/rfc2015.txt","t","f"
508,"Preview Systems ZipLock/VBox","application/vnd.previewsystems.box",".box","http://www.iana.org/assignments/media-types/application/vnd.previewsystems.box","t","f"
509,"Princeton Video Image","application/vnd.pvi.ptid1",".ptid","http://www.iana.org/assignments/media-types/application/vnd.pvi.ptid1","t","f"
510,"Pronunciation Lexicon Specification","application/pls+xml",".pls","http://www.rfc-editor.org/rfc/rfc4267.txt","t","f"
511,"Proprietary P&G Standard Reporting System","application/vnd.pg.format",".str","http://www.iana.org/assignments/media-types/application/vnd.pg.format","t","f"
512,"Proprietary P&G Standard Reporting System","application/vnd.pg.osasli",".ei6","http://www.iana.org/assignments/media-types/application/vnd.pg.osasli","t","f"
513,"PRS Lines Tag","text/prs.lines.tag",".dsc","http://www.iana.org/assignments/media-types/text/prs.lines.tag","f","f"
514,"PSF Fonts","application/x-font-linux-psf",".psf","http://www.win.tue.nl/~aeb/linux/kbd/font-formats-1.html","t","f"
515,"PubliShare Objects","application/vnd.publishare-delta-tree",".qps","http://www.iana.org/assignments/media-types/application/vnd.publishare-delta-tree","t","f"
516,"Qualcomm's Plaza Mobile Internet","application/vnd.pmi.widget",".wg","http://www.iana.org/assignments/media-types/application/vnd.pmi.widget","t","f"
517,"QuarkXpress","application/vnd.quark.quarkxpress",".qxd","http://www.iana.org/assignments/media-types/application/vnd.Quark.QuarkXPress","t","f"
518,"QUASS Stream Player","application/vnd.epson.esf",".esf","http://www.iana.org/assignments/media-types/application/vnd.epson.esf","t","f"
519,"QUASS Stream Player","application/vnd.epson.msf",".msf","http://www.iana.org/assignments/media-types/application/vnd.epson.msf","t","f"
520,"QUASS Stream Player","application/vnd.epson.ssf",".ssf","http://www.iana.org/assignments/media-types/application/vnd.epson.ssf","t","f"
521,"QuickAnime Player","application/vnd.epson.quickanime",".qam","http://www.iana.org/assignments/media-types/application/vnd.epson.quickanime","t","f"
522,"Quicken","application/vnd.intu.qfx",".qfx","http://www.iana.org/assignments/media-types/application/vnd.intu.qfx","t","f"
523,"Quicktime Video","video/quicktime",".qt","http://en.wikipedia.org/wiki/Quicktime","t","f"
524,"RAR Archive","application/x-rar-compressed",".rar","http://en.wikipedia.org/wiki/Rar","t","f"
525,"Real Audio Sound","audio/x-pn-realaudio",".ram","http://en.wikipedia.org/wiki/RealPlayer","t","f"
526,"Real Audio Sound","audio/x-pn-realaudio-plugin",".rmp","http://en.wikipedia.org/wiki/RealPlayer","t","f"
527,"Really Simple Discovery","application/rsd+xml",".rsd","http://en.wikipedia.org/wiki/Really_Simple_Discovery","t","f"
528,"RealMedia","application/vnd.rn-realmedia",".rm","http://www.freeformatter.com/mime-types-list.html","t","f"
529,"RealVNC","application/vnd.realvnc.bed",".bed","http://www.iana.org/assignments/media-types/application/vnd.realvnc.bed","t","f"
530,"Recordare Applications","application/vnd.recordare.musicxml",".mxl","http://www.iana.org/assignments/media-types/application/vnd.recordare.musicxml","t","f"
531,"Recordare Applications","application/vnd.recordare.musicxml+xml",".musicxml","http://www.iana.org/assignments/media-types/application/vnd.recordare.musicxml+xml","t","f"
532,"Relax NG Compact Syntax","application/relax-ng-compact-syntax",".rnc","http://relaxng.org/","t","f"
533,"RemoteDocs R-Viewer","application/vnd.data-vision.rdz",".rdz","http://www.iana.org/assignments/media-types/application/vnd.data-vision.rdz","t","f"
534,"Resource Description Framework","application/rdf+xml",".rdf","http://www.ietf.org/rfc/rfc3870.txt","t","f"
535,"RetroPlatform Player","application/vnd.cloanto.rp9",".rp9","http://www.iana.org/assignments/media-types/application/vnd.cloanto.rp9","t","f"
536,"RhymBox","application/vnd.jisp",".jisp","http://www.iana.org/assignments/media-types/application/vnd.jisp","t","f"
537,"Rich Text Format","application/rtf",".rtf","http://en.wikipedia.org/wiki/Rich_Text_Format","t","f"
538,"Rich Text Format (RTF)","text/richtext",".rtx","http://en.wikipedia.org/wiki/Rich_Text_Format","f","f"
539,"ROUTE 66 Location Based Services","application/vnd.route66.link66+xml",".link66","http://www.iana.org/assignments/media-types/application/vnd.route66.link66+xml","t","f"
540,"RSS - Really Simple Syndication","application/rss+xml",".rss","http://en.wikipedia.org/wiki/RSS","t","f"
541,"S Hexdump Format","application/shf+xml",".shf","http://www.rfc-editor.org/rfc/rfc4194.txt","t","f"
542,"SailingTracker","application/vnd.sailingtracker.track",".st","http://www.iana.org/assignments/media-types/application/vnd.sailingtracker.track","t","f"
543,"Scalable Vector Graphics (SVG)","image/svg+xml",".svg","http://en.wikipedia.org/wiki/Scalable_Vector_Graphics","t","f"
544,"ScheduleUs","application/vnd.sus-calendar",".sus","http://www.iana.org/assignments/media-types/application/vnd.sus-calendar","t","f"
545,"Search/Retrieve via URL Response Format","application/sru+xml",".sru","http://tools.ietf.org/html/rfc6207","t","f"
546,"Secure Electronic Transaction - Payment","application/set-payment-initiation",".setpay","http://www.iana.org/assignments/media-types/application/set-payment-initiation","t","f"
547,"Secure Electronic Transaction - Registration","application/set-registration-initiation",".setreg","http://www.iana.org/assignments/media-types/application/set-registration-initiation","t","f"
548,"Secured eMail","application/vnd.sema",".sema","http://www.iana.org/assignments/media-types/application/vnd.sema","t","f"
549,"Secured eMail","application/vnd.semd",".semd","http://www.iana.org/assignments/media-types/application/vnd.semd","t","f"
550,"Secured eMail","application/vnd.semf",".semf","http://www.iana.org/assignments/media-types/application/vnd.semf","t","f"
551,"SeeMail","application/vnd.seemail",".see","http://www.iana.org/assignments/media-types/application/vnd.seemail","t","f"
552,"Server Normal Format","application/x-font-snf",".snf","http://en.wikipedia.org/wiki/Server_Normal_Format","t","f"
553,"Server-Based Certificate Validation Protocol - Validation Policies - Request","application/scvp-vp-request",".spq","http://www.rfc-editor.org/rfc/rfc5055.txt","t","f"
554,"Server-Based Certificate Validation Protocol - Validation Policies - Response","application/scvp-vp-response",".spp","http://www.rfc-editor.org/rfc/rfc5055.txt","t","f"
555,"Server-Based Certificate Validation Protocol - Validation Request","application/scvp-cv-request",".scq","http://www.rfc-editor.org/rfc/rfc5055.txt","t","f"
556,"Server-Based Certificate Validation Protocol - Validation Response","application/scvp-cv-response",".scs","http://www.rfc-editor.org/rfc/rfc5055.txt","t","f"
557,"Session Description Protocol","application/sdp",".sdp","http://www.ietf.org/rfc/rfc2327.txt","t","f"
558,"Setext","text/x-setext",".etx","http://en.wikipedia.org/wiki/Setext","f","f"
559,"SGI Movie","video/x-sgi-movie",".movie","http://www.pimpworks.org/sgi/faq/movie.shtml","t","f"
560,"Shana Informed Filler","application/vnd.shana.informed.formdata",".ifm","http://www.iana.org/assignments/media-types/application/vnd.shana.informed.formdata","t","f"
561,"Shana Informed Filler","application/vnd.shana.informed.formtemplate",".itp","http://www.iana.org/assignments/media-types/application/vnd.shana.informed.formtemplate","t","f"
562,"Shana Informed Filler","application/vnd.shana.informed.interchange",".iif","http://www.iana.org/assignments/media-types/application/vnd.shana.informed.interchange","t","f"
563,"Shana Informed Filler","application/vnd.shana.informed.package",".ipk","http://www.iana.org/assignments/media-types/application/vnd.shana.informed.package","t","f"
564,"Sharing Transaction Fraud Data","application/thraud+xml",".tfi","http://tools.ietf.org/html/rfc5941","t","f"
565,"Shell Archive","application/x-shar",".shar","http://en.wikipedia.org/wiki/Shar","t","f"
566,"Silicon Graphics RGB Bitmap","image/x-rgb",".rgb","http://www.fileformat.info/format/sgiimage/egff.htm","t","f"
567,"SimpleAnimeLite Player","application/vnd.epson.salt",".slt","http://www.iana.org/assignments/media-types/application/vnd.epson.salt","t","f"
568,"Simply Accounting","application/vnd.accpac.simply.aso",".aso","http://www.iana.org/assignments/media-types/application/vnd.accpac.simply.aso","t","f"
569,"Simply Accounting - Data Import","application/vnd.accpac.simply.imp",".imp","http://www.iana.org/assignments/media-types/application/vnd.accpac.simply.imp","t","f"
570,"SimTech MindMapper","application/vnd.simtech-mindmapper",".twd","http://www.iana.org/assignments/media-types/application/vnd.SimTech-MindMapper","t","f"
571,"Sixth Floor Media - CommonSpace","application/vnd.commonspace",".csp","http://www.iana.org/assignments/media-types/application/vnd.commonspace","t","f"
572,"SMAF Audio","application/vnd.yamaha.smaf-audio",".saf","http://www.iana.org/assignments/media-types/application/vnd.yamaha.smaf-audio","t","f"
573,"SMAF File","application/vnd.smaf",".mmf","http://www.iana.org/assignments/media-types/application/vnd.smaf","t","f"
574,"SMAF Phrase","application/vnd.yamaha.smaf-phrase",".spf","http://www.iana.org/assignments/media-types/application/vnd.yamaha.smaf-phrase","t","f"
575,"SMART Technologies Apps","application/vnd.smart.teacher",".teacher","http://www.iana.org/assignments/media-types/application/vnd.smart.teacher","t","f"
576,"SourceView Document","application/vnd.svd",".svd","http://www.iana.org/assignments/media-types/application/vnd.svd","t","f"
577,"SPARQL - Query","application/sparql-query",".rq","http://www.w3.org/TR/2006/CR-rdf-sparql-XMLres-20060406/","t","f"
578,"SPARQL - Results","application/sparql-results+xml",".srx","http://www.w3.org/TR/2006/CR-rdf-sparql-XMLres-20060406/","t","f"
579,"Speech Recognition Grammar Specification","application/srgs",".gram","http://www.w3.org/TR/speech-grammar/","t","f"
580,"Speech Recognition Grammar Specification - XML","application/srgs+xml",".grxml","http://www.w3.org/TR/speech-grammar/","t","f"
581,"Speech Synthesis Markup Language","application/ssml+xml",".ssml","http://www.w3.org/TR/speech-synthesis/","t","f"
582,"SSEYO Koan Play File","application/vnd.koan",".skp","http://www.iana.org/assignments/media-types/application/vnd.koan","t","f"
583,"Standard Generalized Markup Language (SGML)","text/sgml",".sgml","http://en.wikipedia.org/wiki/Sgml","f","f"
584,"StarOffice - Calc","application/vnd.stardivision.calc",".sdc","http://www.freeformatter.com/mime-types-list.html","t","f"
585,"StarOffice - Draw","application/vnd.stardivision.draw",".sda","http://www.freeformatter.com/mime-types-list.html","t","f"
586,"StarOffice - Impress","application/vnd.stardivision.impress",".sdd","http://www.freeformatter.com/mime-types-list.html","t","f"
587,"StarOffice - Math","application/vnd.stardivision.math",".smf","http://www.freeformatter.com/mime-types-list.html","t","f"
588,"StarOffice - Writer","application/vnd.stardivision.writer",".sdw","http://www.freeformatter.com/mime-types-list.html","t","f"
589,"StarOffice - Writer (Global)","application/vnd.stardivision.writer-global",".sgl","http://www.freeformatter.com/mime-types-list.html","t","f"
590,"StepMania","application/vnd.stepmania.stepchart",".sm","http://www.iana.org/assignments/media-types/application/vnd.stepmania.stepchart","t","f"
591,"Stuffit Archive","application/x-stuffit",".sit","http://en.wikipedia.org/wiki/Stuffit","t","f"
592,"Stuffit Archive","application/x-stuffitx",".sitx","http://en.wikipedia.org/wiki/Stuffit","t","f"
593,"SudokuMagic","application/vnd.solent.sdkm+xml",".sdkm","http://www.iana.org/assignments/media-types/application/vnd.solent.sdkm+xml","t","f"
594,"Sugar Linux Application Bundle","application/vnd.olpc-sugar",".xo","http://www.iana.org/assignments/media-types/application/vnd.olpc-sugar","t","f"
595,"Sun Audio - Au file format","audio/basic",".au","http://en.wikipedia.org/wiki/Sun_Audio","t","f"
596,"SundaHus WQ","application/vnd.wqd",".wqd","http://www.iana.org/assignments/media-types/application/vnd.wqd","t","f"
597,"Symbian Install Package","application/vnd.symbian.install",".sis","http://www.iana.org/assignments/media-types/application/vnd.nokia.n-gage.symbian.install","t","f"
598,"Synchronized Multimedia Integration Language","application/smil+xml",".smi","http://tools.ietf.org/html/rfc4536","t","f"
599,"SyncML","application/vnd.syncml+xml",".xsm","http://www.iana.org/assignments/media-types/application/vnd.syncml+xml","t","f"
600,"SyncML - Device Management","application/vnd.syncml.dm+wbxml",".bdm","http://www.iana.org/assignments/media-types/application/vnd.syncml.dm+wbxml","t","f"
601,"SyncML - Device Management","application/vnd.syncml.dm+xml",".xdm","http://www.iana.org/assignments/media-types/application/vnd.syncml.dm+xml","t","f"
602,"System V Release 4 CPIO Archive","application/x-sv4cpio",".sv4cpio","http://en.wikipedia.org/wiki/Pax_%28Unix%29","t","f"
603,"System V Release 4 CPIO Checksum Data","application/x-sv4crc",".sv4crc","http://en.wikipedia.org/wiki/Pax_%28Unix%29","t","f"
604,"Systems Biology Markup Language","application/sbml+xml",".sbml","http://www.rfc-editor.org/rfc/rfc3823.txt","t","f"
605,"Tab Seperated Values","text/tab-separated-values",".tsv","http://en.wikipedia.org/wiki/Tab-separated_values","f","f"
606,"Tagged Image File Format","image/tiff",".tiff","http://en.wikipedia.org/wiki/Tagged_Image_File_Format","t","f"
607,"Tao Intent","application/vnd.tao.intent-module-archive",".tao","http://www.iana.org/assignments/media-types/application/vnd.tao.intent-module-archive","t","f"
608,"Tar File (Tape Archive)","application/x-tar",".tar","http://en.wikipedia.org/wiki/Tar_file","t","f"
609,"Tcl Script","application/x-tcl",".tcl","http://en.wikipedia.org/wiki/Tcl","t","f"
610,"TeX","application/x-tex",".tex","http://en.wikipedia.org/wiki/TeX","t","f"
611,"TeX Font Metric","application/x-tex-tfm",".tfm","http://en.wikipedia.org/wiki/TeX_font_metric","t","f"
612,"Text Encoding and Interchange","application/tei+xml",".tei","http://tools.ietf.org/html/rfc6129","t","f"
613,"Text File","text/plain",".txt","http://en.wikipedia.org/wiki/Text_file","f","f"
614,"TIBCO Spotfire","application/vnd.spotfire.dxp",".dxp","http://www.iana.org/assignments/media-types/application/vnd.spotfire.dxp","t","f"
615,"TIBCO Spotfire","application/vnd.spotfire.sfs",".sfs","http://www.iana.org/assignments/media-types/application/vnd.spotfire.sfs","t","f"
616,"Time Stamped Data Envelope","application/timestamped-data",".tsd","http://tools.ietf.org/html/rfc5955","t","f"
617,"TRI Systems Config","application/vnd.trid.tpt",".tpt","http://www.iana.org/assignments/media-types/application/vnd.trid.tpt","t","f"
618,"Triscape Map Explorer","application/vnd.triscape.mxs",".mxs","http://www.iana.org/assignments/media-types/application/vnd.triscape.mxs","t","f"
619,"troff","text/troff",".t","http://en.wikipedia.org/wiki/Troff","f","f"
620,"True BASIC","application/vnd.trueapp",".tra","http://www.iana.org/assignments/media-types/application/vnd.trueapp","t","f"
621,"TrueType Font","application/x-font-ttf",".ttf","http://en.wikipedia.org/wiki/TrueType","t","f"
622,"Turtle (Terse RDF Triple Language)","text/turtle",".ttl","http://en.wikipedia.org/wiki/Turtle_%28syntax%29","f","f"
623,"UMAJIN","application/vnd.umajin",".umj","http://www.iana.org/assignments/media-types/application/vnd.umajin","t","f"
624,"Unique Object Markup Language","application/vnd.uoml+xml",".uoml","http://www.iana.org/assignments/media-types/application/vnd.uoml+xml","t","f"
625,"Unity 3d","application/vnd.unity",".unityweb","http://www.iana.org/assignments/media-types/application/vnd.unity","t","f"
626,"Universal Forms Description Language","application/vnd.ufdl",".ufd","http://www.iana.org/assignments/media-types/application/vnd.ufdl","t","f"
627,"URI Resolution Services","text/uri-list",".uri","http://tools.ietf.org/html/rfc2483","f","f"
628,"User Interface Quartz - Theme (Symbian)","application/vnd.uiq.theme",".utz","http://www.iana.org/assignments/media-types/application/vnd.uiq.theme","t","f"
629,"Ustar (Uniform Standard Tape Archive)","application/x-ustar",".ustar","http://en.wikipedia.org/wiki/Ustar#UStar_format","t","f"
630,"UUEncode","text/x-uuencode",".uu","http://en.wikipedia.org/wiki/Uuencode","f","f"
631,"vCalendar","text/x-vcalendar",".vcs","http://en.wikipedia.org/wiki/VCalendar#vCalendar_1.0","f","f"
632,"vCard","text/x-vcard",".vcf","http://en.wikipedia.org/wiki/Vcard","f","f"
633,"Video CD","application/x-cdlink",".vcd","http://en.wikipedia.org/wiki/Video_CD","t","f"
634,"Viewport+","application/vnd.vsf",".vsf","http://www.iana.org/assignments/media-types/application/vnd.vsf","t","f"
635,"Virtual Reality Modeling Language","model/vrml",".wrl","http://en.wikipedia.org/wiki/VRML","t","f"
636,"VirtualCatalog","application/vnd.vcx",".vcx","http://www.iana.org/assignments/media-types/application/vnd.vcx","t","f"
637,"Virtue MTS","model/vnd.mts",".mts","http://www.iana.org/assignments/media-types/model/vnd.mts","t","f"
638,"Virtue VTU","model/vnd.vtu",".vtu","http://www.iana.org/assignments/media-types/model/vnd.vtu","t","f"
639,"Visionary","application/vnd.visionary",".vis","http://www.iana.org/assignments/media-types/application/vnd.visionary","t","f"
640,"Vivo","video/vnd.vivo",".viv","http://www.iana.org/assignments/media-types/video/vnd-vivo","t","f"
641,"Voice Browser Call Control","application/ccxml+xml,",".ccxml","http://www.w3.org/TR/ccxml/","t","f"
642,"VoiceXML","application/voicexml+xml",".vxml","http://tools.ietf.org/html/rfc4267","t","f"
643,"WAIS Source","application/x-wais-source",".src","http://www.yolinux.com/TUTORIALS/notes_wais.html","t","f"
644,"WAP Binary XML (WBXML)","application/vnd.wap.wbxml",".wbxml","http://www.iana.org/assignments/media-types/application/vnd.wap-wbxml","t","f"
645,"WAP Bitamp (WBMP)","image/vnd.wap.wbmp",".wbmp","http://www.iana.org/assignments/media-types/image/vnd-wap-wbmp","t","f"
646,"Waveform Audio File Format (WAV)","audio/x-wav",".wav","http://en.wikipedia.org/wiki/Wav","t","f"
647,"Web Distributed Authoring and Versioning","application/davmount+xml",".davmount","http://tools.ietf.org/html/rfc4918","t","f"
648,"Web Open Font Format","application/x-font-woff",".woff","http://en.wikipedia.org/wiki/Woff","t","f"
649,"Web Services Policy","application/wspolicy+xml",".wspolicy","http://www.w3.org/Submission/WS-Policy/","t","f"
650,"WebP Image","image/webp",".webp","http://en.wikipedia.org/wiki/WebP","t","f"
651,"WebTurbo","application/vnd.webturbo",".wtb","http://www.iana.org/assignments/media-types/application/vnd.webturbo","t","f"
652,"Widget Packaging and XML Configuration","application/widget",".wgt","http://www.w3.org/TR/widgets/#media-type-registration-for-applicationw","t","f"
653,"WinHelp","application/winhlp",".hlp","http://en.wikipedia.org/wiki/WinHelp","t","f"
654,"Wireless Markup Language (WML)","text/vnd.wap.wml",".wml","http://en.wikipedia.org/wiki/Wireless_Markup_Language","f","f"
655,"Wireless Markup Language Script (WMLScript)","text/vnd.wap.wmlscript",".wmls","http://en.wikipedia.org/wiki/WMLScript","f","f"
656,"WMLScript","application/vnd.wap.wmlscriptc",".wmlsc","http://www.iana.org/assignments/media-types/application/vnd.wap.wmlscriptc","t","f"
657,"Wordperfect","application/vnd.wordperfect",".wpd","http://www.iana.org/assignments/media-types/application/vnd.wordperfect","t","f"
658,"Worldtalk","application/vnd.wt.stf",".stf","http://www.iana.org/assignments/media-types/application/vnd.wt.stf","t","f"
659,"WSDL - Web Services Description Language","application/wsdl+xml",".wsdl","http://www.iana.org/assignments/media-types/application/wsdl+xml","t","f"
660,"X BitMap","image/x-xbitmap",".xbm","http://en.wikipedia.org/wiki/X_BitMap","t","f"
661,"X PixMap","image/x-xpixmap",".xpm","http://en.wikipedia.org/wiki/X_Pixmap","t","f"
662,"X Window Dump","image/x-xwindowdump",".xwd","http://en.wikipedia.org/wiki/Screenshot","t","f"
663,"X.509 Certificate","application/x-x509-ca-cert",".der","http://en.wikipedia.org/wiki/X.509","t","f"
664,"Xfig","application/x-xfig",".fig","http://en.wikipedia.org/wiki/Xfig","t","f"
665,"XHTML - The Extensible HyperText Markup Language","application/xhtml+xml",".xhtml","http://www.w3.org/TR/xhtml1/","t","f"
666,"XML - Extensible Markup Language","application/xml",".xml","http://www.w3.org/XML/","t","f"
667,"XML Configuration Access Protocol - XCAP Diff","application/xcap-diff+xml",".xdf","http://en.wikipedia.org/wiki/XCAP","t","f"
668,"XML Encryption Syntax and Processing","application/xenc+xml",".xenc","http://www.w3.org/TR/xmlenc-core/","t","f"
669,"XML Patch Framework","application/patch-ops-error+xml",".xer","http://www.rfc-editor.org/rfc/rfc5261.txt","t","f"
670,"XML Resource Lists","application/resource-lists+xml",".rl","http://www.rfc-editor.org/rfc/rfc4826.txt","t","f"
671,"XML Resource Lists","application/rls-services+xml",".rs","http://www.rfc-editor.org/rfc/rfc4826.txt","t","f"
672,"XML Resource Lists Diff","application/resource-lists-diff+xml",".rld","http://www.rfc-editor.org/rfc/rfc4826.txt","t","f"
673,"XML Transformations","application/xslt+xml",".xslt","http://www.w3.org/TR/xslt","t","f"
674,"XML-Binary Optimized Packaging","application/xop+xml",".xop","http://www.w3.org/TR/xop10/","t","f"
675,"XPInstall - Mozilla","application/x-xpinstall",".xpi","http://en.wikipedia.org/wiki/XPI","t","f"
676,"XSPF - XML Shareable Playlist Format","application/xspf+xml",".xspf","http://www.xspf.org/quickstart/","t","f"
677,"XUL - XML User Interface Language","application/vnd.mozilla.xul+xml",".xul","http://www.iana.org/assignments/media-types/application/vnd.mozilla.xul+xml","t","f"
678,"XYZ File Format","chemical/x-xyz",".xyz","http://en.wikipedia.org/wiki/XYZ_file_format","t","f"
679,"YAML Ain't Markup Language / Yet Another Markup Language","text/yaml",".yaml","http://www.yaml.org/","f","f"
680,"YANG Data Modeling Language","application/yang",".yang","http://en.wikipedia.org/wiki/YANG","t","f"
681,"YIN (YANG - XML)","application/yin+xml",".yin","http://en.wikipedia.org/wiki/YANG","t","f"
682,"Z.U.L. Geometry","application/vnd.zul",".zir","http://www.iana.org/assignments/media-types/application/vnd.zul","t","f"
683,"Zip Archive","application/zip",".zip","http://en.wikipedia.org/wiki/ZIP_%28file_format%29","t","f"
684,"ZVUE Media Manager","application/vnd.handheld-entertainment+xml",".zmm","http://www.iana.org/assignments/media-types/application/vnd.HandHeld-Entertainment+xml","t","f"
685,"Zzazz Deck","application/vnd.zzazz.deck+xml",".zaz","http://www.iana.org/assignments/media-types/application/vnd.zzazz.deck+xml","t","f"
